date,retailer,igraal_rate,cashback_type,letyshops_rate,letyshops_rate_type,letyshops_boosted,picodi_rate,picodi_rate_type,alerabat_rate,alerabat_rate_type,goodie_rate,goodie_rate_type,best_competitor,best_competitor_rate,delta,alert,margin_eur,cpa_in,revenue,gmv,transactions,cb_total,status,action_direction,is_best_rate,letyshops_url,picodi_url,alerabat_url,goodie_url
2026-09-10,AliExpress,10.0,%,5.0,%,False,20.7,up_to_%,5.0,up_to_%,60.0,up_to_%,goodie,60.0,50.0,LOWER,-2143.8499999999995,4.7,10248.1,204410.85,16041.0,12391.97,REVIEW,UP,False,https://letyshops.com/pl/shops/aliexpress,https://www.picodi.com/pl/aliexpress/offers,https://alerabat.com/kod-rabatowy/aliexpress,https://goodie.pl/marka/aliexpress
2026-09-10,Preply,5.0,%,5.0,%,False,,not_found,35.0,up_to_%,35.0,up_to_%,alerabat,35.0,30.0,LOWER,0.0,50.8,36.45,71.74,2.0,36.45,ACT NOW,UP,False,https://letyshops.com/pl/shops/preply,,https://alerabat.com/kody-promocyjne/preply,https://goodie.pl/marka/preply
2026-09-10,DHgate,2.0,%,25.0,%,False,,not_found,1.5,up_to_%,1.75,%,letyshops,25.0,23.0,LOWER,,,,,,,ACT NOW,UP,False,https://letyshops.com/pl/shops/dhgate,,https://alerabat.com/kody-promocyjne/dhgate,https://goodie.pl/marka/dhgate
2026-09-10,Surfshark,5.0,%,2.5,%,False,,not_found,20.0,up_to_%,20.0,%,alerabat,20.0,15.0,LOWER,,,,,,,ACT NOW,UP,False,https://letyshops.com/pl/shops/surfshark,,https://alerabat.com/kody-promocyjne/surfshark,https://goodie.pl/marka/surfshark
2026-09-10,Empik,1.6,%,6.25,%,False,15.0,up_to_%,6.25,up_to_%,7.5,up_to_%,picodi,15.0,13.4,LOWER,-2515.7599999999998,1.2,676.17,40026.91,477.0,3191.93,REVIEW,UP,False,https://letyshops.com/pl/shops/empik-pl,https://www.picodi.com/pl/empik/offers,https://alerabat.com/kod-promocyjny/empik-com,https://goodie.pl/marka/empik
2026-09-10,Cropp,4.0,%,3.5,%,False,10.0,up_to_%,3.5,up_to_%,3.0,%,picodi,10.0,6.0,LOWER,8.21,6.4,44.51,691.19,20.0,25.060000000000002,ACT NOW,UP,False,https://letyshops.com/pl/shops/cropp-pl,https://www.picodi.com/pl/cropp/offers,https://alerabat.com/kod-promocyjny/cropp,https://goodie.pl/marka/cropp
2026-09-10,Sferis,1.6,%,7.5,%,False,,not_found,7.5,up_to_%,7.5,up_to_%,letyshops,7.5,5.9,LOWER,5.3699999999999966,1.7,275.49,14923.84,15.0,270.12,ACT NOW,UP,False,https://letyshops.com/pl/shops/sferis-pl,,https://alerabat.com/kod-promocyjny/sferis,https://goodie.pl/marka/sferis
2026-09-10,RTV Euro AGD,1.5,%,3.5,%,False,1.8,up_to_%,3.0,up_to_%,7.0,up_to_%,goodie,7.0,5.5,LOWER,-556.89,1.8,1868.6,94959.39,224.0,2425.4900000000002,REVIEW,UP,False,https://letyshops.com/pl/shops/rtv-euro-agd,https://www.picodi.com/pl/rtveuroagd/offers,https://alerabat.com/kod-promocyjny/rtv-euro-agd,https://goodie.pl/marka/rtv-euro-agd
2026-09-10,norton,5.0,%,,no cashback,False,,not_found,10.0,up_to_%,,no cashback,alerabat,10.0,5.0,LOWER,,,,,,,ACT NOW,UP,False,,,https://alerabat.com/kody-promocyjne/norton,https://goodie.pl/marka/norton
2026-09-10,Neness,6.0,%,,no cashback,False,,not_found,10.0,up_to_%,,no cashback,alerabat,10.0,4.0,LOWER,,,,,,,ACT NOW,UP,False,,,https://alerabat.com/kody-promocyjne/perfumeria-neness,https://goodie.pl/marka/neness
2026-09-10,OleOle!,1.0,%,1.0,%,False,,not_found,5.0,up_to_%,2.0,up_to_%,alerabat,5.0,4.0,LOWER,716.77,2.0,1771.56,82862.06,28.0,1054.79,ACT NOW,UP,False,https://letyshops.com/pl/shops/oleole-pl,,https://alerabat.com/kod-promocyjny/oleole-pl,https://goodie.pl/marka/oleole
2026-09-10,Audioteka,2.5,%,,not_found,False,2.1,up_to_%,3.5,up_to_%,6.0,up_to_%,goodie,6.0,3.5,LOWER,,,,,,,ACT NOW,UP,False,,https://www.picodi.com/pl/audioteka-pl/offers,https://alerabat.com/kody-promocyjne/audioteka-pl,https://goodie.pl/marka/audioteka
2026-09-10,Plus,3.0,%,,no cashback,False,,not_found,5.0,up_to_%,,no cashback,alerabat,5.0,2.0,LOWER,,,,,,,REVIEW,UP,False,,,https://alerabat.com/kody-promocyjne/plus,https://goodie.pl/marka/plus
2026-09-10,LEGO,3.0,%,,no cashback,False,,not_found,5.0,up_to_%,3.5,up_to_%,alerabat,5.0,2.0,LOWER,32.31,5.0,68.52,1270.07,12.0,36.11,ACT NOW,UP,False,,,https://alerabat.com/kody-promocyjne/lego,https://goodie.pl/marka/lego
2026-09-10,Ryobi,4.0,%,6.0,%,False,,not_found,2.0,up_to_%,3.88,%,letyshops,6.0,2.0,LOWER,5.58,7.7,20.049999999999997,365.78,3.0,14.47,ACT NOW,UP,False,https://letyshops.com/pl/shops/ryobi-pl,,https://alerabat.com/kody-promocyjne/ryobi,https://goodie.pl/marka/ryobi
2026-09-10,Radisson Hotels,2.0,%,4.0,%,False,,not_found,2.0,up_to_%,2.0,up_to_%,letyshops,4.0,2.0,LOWER,200.85999999999999,8.0,463.05,5788.18,3.0,262.2,ACT NOW,UP,False,https://letyshops.com/pl/shops/radisson-hotels-pl,,https://alerabat.com/kody-promocyjne/radisson-blu,https://goodie.pl/marka/radisson-hotels
2026-09-10,SkyShowtime,3.0,%,1.7,%,False,,not_found,5.0,up_to_%,,no cashback,alerabat,5.0,2.0,LOWER,,,,,,,REVIEW,UP,False,https://letyshops.com/pl/shops/skyshowtime-pl,,https://alerabat.com/kody-promocyjne/skyshowtime,https://goodie.pl/marka/sky-showtime
2026-09-10,Uber,3.0,%,,no cashback,False,,not_found,5.0,up_to_%,,no cashback,alerabat,5.0,2.0,LOWER,,,,,,,REVIEW,UP,False,,,https://alerabat.com/kody-promocyjne/uber,https://goodie.pl/marka/uber
2026-09-10,Decathlon,2.0,%,2.25,%,False,1.4,up_to_%,4.0,up_to_%,1.75,%,alerabat,4.0,2.0,LOWER,-122.96000000000001,2.2,64.63,2812.5,37.0,187.60000000000002,REVIEW,UP,False,https://letyshops.com/pl/shops/decathlon-pl,https://www.picodi.com/pl/decathlon/offers,https://alerabat.com/kod-promocyjny/decathlon-pl,https://goodie.pl/marka/decathlon
2026-09-10,Xiaomi,2.0,%,3.75,%,False,,not_found,1.5,up_to_%,2.5,%,letyshops,3.75,1.75,LOWER,1.1,3.0,3.3,110.03,1.0,2.2,ACT NOW,UP,False,https://letyshops.com/pl/shops/xiaomi-pl,,https://alerabat.com/kody-promocyjne/xiaomi,https://goodie.pl/marka/xiaomi
2026-09-10,VidaXL,2.5,%,4.0,%,False,,not_found,2.5,up_to_%,2.0,%,letyshops,4.0,1.5,LOWER,0.66,2.9,10.82,373.21,3.0,6.43,ACT NOW,UP,False,https://letyshops.com/pl/shops/vida-xl,,https://alerabat.com/kody-promocyjne/vida-xl,https://goodie.pl/marka/vida-xl
2026-09-10,Cocolita,3.5,%,2.25,%,False,1.4,up_to_%,5.0,up_to_%,2.25,%,alerabat,5.0,1.5,LOWER,119.89,4.5,257.94,4827.87,13.0,138.04999999999998,ACT NOW,UP,False,https://letyshops.com/pl/shops/cocolita-pl,https://www.picodi.com/pl/cocolita-pl/offers,https://alerabat.com/kody-promocyjne/cocolita-pl,https://goodie.pl/marka/cocolita
2026-09-10,OBI,2.5,%,3.75,%,False,1.5,up_to_%,2.5,up_to_%,2.5,%,letyshops,3.75,1.25,LOWER,109.42,5.0,450.66,9015.83,37.0,334.6,ACT NOW,UP,False,https://letyshops.com/pl/shops/obi-pl,https://www.picodi.com/pl/obi/offers,https://alerabat.com/kody-promocyjne/obi,https://goodie.pl/marka/obi
2026-09-10,Tanie-opony.pl,1.8,%,1.25,%,False,,not_found,,not_found,3.0,%,goodie,3.0,1.2,LOWER,,,,,,,REVIEW,UP,False,https://letyshops.com/pl/shops/tanie-opony-pl,,,https://goodie.pl/marka/tanie-opony-pl
2026-09-10,Philips,4.0,%,,no cashback,False,,not_found,2.5,up_to_%,5.0,%,goodie,5.0,1.0,LOWER,24.23,7.0,41.16,794.09,6.0,16.93,ACT NOW,UP,False,,,https://alerabat.com/kody-promocyjne/philips,https://goodie.pl/marka/philips
2026-09-10,Bonprix,4.0,%,5.0,%,False,1.2,up_to_%,2.5,up_to_%,3.0,up_to_%,letyshops,5.0,1.0,LOWER,-0.13999999999999999,4.0,3.03,76.09,3.0,3.17,REVIEW,UP,False,https://letyshops.com/pl/shops/bonprix-pl,https://www.picodi.com/pl/bonprix/offers,https://alerabat.com/kod-promocyjny/bonprix,https://goodie.pl/marka/bonprix
2026-09-10,Electrolux,2.0,%,3.0,%,False,,not_found,2.0,up_to_%,2.0,%,letyshops,3.0,1.0,LOWER,184.66,4.0,2062.42,47307.6,13.0,1877.76,ACT NOW,UP,False,https://letyshops.com/pl/shops/electrolux-pl,,https://alerabat.com/kody-promocyjne/electrolux,https://goodie.pl/marka/electrolux
2026-09-10,iBOOD,1.0,%,,not_found,False,,not_found,2.0,up_to_%,2.0,up_to_%,alerabat,2.0,1.0,LOWER,10.329999999999998,2.0,16.92,620.09,8.0,2.55,ACT NOW,UP,False,,,https://alerabat.com/kody-promocyjne/ibood,https://goodie.pl/marka/ibood
2026-09-10,PRM,6.0,%,7.0,%,False,,not_found,2.0,up_to_%,,not_found,letyshops,7.0,1.0,LOWER,293.5,10.0,762.29,7622.77,17.0,468.79,ACT NOW,UP,False,https://letyshops.com/pl/shops/prm-pl,,https://alerabat.com/kody-promocyjne/prm,
2026-09-10,ZooFaster,2.0,%,3.0,%,False,,not_found,1.4,up_to_%,3.0,%,letyshops,3.0,1.0,LOWER,,,,,,,REVIEW,UP,False,https://letyshops.com/pl/shops/krakvet,,https://alerabat.com/kody-promocyjne/zoofaster,https://goodie.pl/marka/zoofaster
2026-09-10,Stylevana,3.0,%,4.0,%,False,,not_found,2.5,up_to_%,3.6,%,letyshops,4.0,1.0,LOWER,7.98,7.2,11.88,165.58,2.0,3.9,ACT NOW,UP,False,https://letyshops.com/pl/shops/stylevana-pl,,https://alerabat.com/kody-promocyjne/stylevana,https://goodie.pl/marka/stylevana
2026-09-10,Ninja,4.0,%,5.0,%,False,,not_found,2.5,up_to_%,,not_found,letyshops,5.0,1.0,LOWER,,,,,,,REVIEW,UP,False,https://letyshops.com/pl/shops/ninja-pl,,https://alerabat.com/kody-promocyjne/ninja,
2026-09-10,Top Secret,4.2,%,,no cashback,False,,not_found,5.0,up_to_%,,no cashback,alerabat,5.0,0.8,LOWER,0.0,7.0,49.57,708.15,2.0,49.56,ACT NOW,UP,False,,,https://alerabat.com/kod-rabatowy/topsecret,https://goodie.pl/marka/top-secret
2026-09-10,Neonet,0.75,%,,no cashback,False,,not_found,1.5,up_to_%,1.5,%,alerabat,1.5,0.75,LOWER,0.13,1.5,0.26,17.41,1.0,0.13,ACT NOW,UP,False,,,https://alerabat.com/kod-promocyjny/neonet,https://goodie.pl/marka/neonet
2026-09-10,Vobis,1.0,%,1.75,%,False,,not_found,1.5,up_to_%,1.75,up_to_%,letyshops,1.75,0.75,LOWER,233.73,2.7,670.3599999999999,19109.3,15.0,436.63,ACT NOW,UP,False,https://letyshops.com/pl/shops/vobis-pl,,https://alerabat.com/kod-promocyjny/vobis-pl,https://goodie.pl/marka/vobis
2026-09-10,Samsung,3.0,%,3.5,%,False,,not_found,,not_found,2.5,up_to_%,letyshops,3.5,0.5,LOWER,20.240000000000002,5.0,199.68,5027.8099999999995,4.0,179.44,ACT NOW,UP,False,https://letyshops.com/pl/shops/samsung-pl,,,https://goodie.pl/marka/samsung
2026-09-10,Eventim,1.0,%,1.5,%,False,,not_found,1.0,up_to_%,1.0,%,letyshops,1.5,0.5,LOWER,4.1,2.0,15.29,764.53,8.0,11.2,ACT NOW,UP,False,https://letyshops.com/pl/shops/eventim-pl,,https://alerabat.com/kody-promocyjne/eventim,https://goodie.pl/marka/eventim
2026-09-10,Acer,4.0,%,4.5,%,False,2.1,up_to_%,2.5,up_to_%,4.0,%,letyshops,4.5,0.5,LOWER,2.02,8.5,4.91,57.75,1.0,2.89,ACT NOW,UP,False,https://letyshops.com/pl/shops/acer-pl,https://www.picodi.com/pl/acer/offers,https://alerabat.com/kody-promocyjne/acer,https://goodie.pl/marka/acer
2026-09-10,BIG STAR,3.0,%,3.5,%,False,1.8,up_to_%,3.0,up_to_%,3.25,%,letyshops,3.5,0.5,LOWER,,,,,,,MONITOR,NONE,False,https://letyshops.com/pl/shops/big-star-pl,https://www.picodi.com/pl/big-star/offers,https://alerabat.com/kod-promocyjny/bigstar,https://goodie.pl/marka/big-star
2026-09-10,Modivo,3.5,%,3.5,%,False,,not_found,4.0,up_to_%,4.0,%,alerabat,4.0,0.5,LOWER,1.9100000000000001,5.2,157.69,3429.17,48.0,155.78,ACT NOW,UP,False,https://letyshops.com/pl/shops/modivo-pl,,https://alerabat.com/kody-promocyjne/modivo,https://goodie.pl/marka/modivo
2026-09-10,Perfumy.pl,2.84,%,3.25,%,False,,not_found,3.0,up_to_%,2.8,%,letyshops,3.25,0.41,LOWER,7.16,5.7,59.879999999999995,1054.19,5.0,52.71,ACT NOW,UP,False,https://letyshops.com/pl/shops/perfumy,,https://alerabat.com/kody-promocyjne/perfumy-pl,https://goodie.pl/marka/perfumy
2026-09-10,Triverna,2.0,%,2.4,%,False,,not_found,2.4,up_to_%,2.4,up_to_%,letyshops,2.4,0.4,LOWER,,,,,,,MONITOR,NONE,False,https://letyshops.com/pl/shops/triverna-pl,,https://alerabat.com/kod-promocyjny/triverna-pl,https://goodie.pl/marka/triverna
2026-09-10,Ceneo,1.0,%,,not_found,False,0.0,up_to_%,1.32,up_to_%,,not_found,alerabat,1.32,0.32,LOWER,31.009999999999998,0.9,61.29,3068.31,37.0,30.28,ACT NOW,UP,False,,https://www.picodi.com/pl/ceneo/offers,https://alerabat.com/kody-promocyjne/ceneo,
2026-09-10,Allegro,1.9,%,1.7,%,False,1.1,up_to_%,2.2,up_to_%,2.2,up_to_%,alerabat,2.2,0.3,LOWER,-20682.2,1.8,13215.64,773394.67,40076.0,33897.82,REVIEW,UP,False,https://letyshops.com/pl/shops/allegro-pl,https://www.picodi.com/pl/allegro/offers,https://alerabat.com/kody-promocyjne/allegro,https://goodie.pl/marka/allegro
2026-09-10,Foreo,3.5,%,3.75,%,False,,not_found,3.75,up_to_%,3.75,%,letyshops,3.75,0.25,LOWER,,,,,,,MONITOR,NONE,False,https://letyshops.com/pl/shops/foreo,,https://alerabat.com/kody-promocyjne/foreo,https://goodie.pl/marka/foreo
2026-09-10,Smyk,1.26,%,1.5,%,False,,not_found,1.5,up_to_%,1.5,up_to_%,letyshops,1.5,0.24,LOWER,,,,,,,MONITOR,NONE,False,https://letyshops.com/pl/shops/smyk,,https://alerabat.com/kod-promocyjny/smyk-com,https://goodie.pl/marka/smyk
2026-09-10,Huawei,3.5,%,3.0,%,False,,not_found,3.46,up_to_%,3.6,up_to_%,goodie,3.6,0.1,LOWER,1.6,3.5,14.08,374.83000000000004,3.0,12.48,ACT NOW,UP,False,https://letyshops.com/pl/shops/huawei-pl,,https://alerabat.com/kody-promocyjne/huawei,https://goodie.pl/marka/huawei
2026-09-10,GOG,3.0,%,3.0,%,False,,not_found,3.1,up_to_%,3.0,%,alerabat,3.1,0.1,LOWER,5.5200000000000005,6.0,14.16,236.12,48.0,7.87,ACT NOW,UP,False,https://letyshops.com/pl/shops/gog,,https://alerabat.com/kody-promocyjne/gog,https://goodie.pl/marka/gog-com
2026-09-10,Intymna,3.0,%,,not_found,False,,not_found,3.1,up_to_%,,not_found,alerabat,3.1,0.1,LOWER,2.22,6.2,4.93,79.55000000000001,2.0,2.71,ACT NOW,UP,False,,,https://alerabat.com/kod-promocyjny/intymna-pl,
2026-09-10,DHL,5.0,%,2.5,%,False,,not_found,5.0,up_to_%,,no cashback,alerabat,5.0,0.0,OK,1.18,8.0,6.580000000000001,65.83,6.0,1.17,OPTIMISE,NONE,True,https://letyshops.com/pl/shops/dhl-pl,,https://alerabat.com/kody-promocyjne/dhl,https://goodie.pl/marka/dhl
2026-09-10,Fera,2.0,%,2.0,%,False,,not_found,2.0,up_to_%,2.0,%,letyshops,2.0,0.0,OK,0.0,4.0,3.38,84.53,3.0,3.38,OPTIMISE,NONE,True,https://letyshops.com/pl/shops/fera-pl,,https://alerabat.com/kod-promocyjny/fera-pl,https://goodie.pl/marka/fera
2026-09-10,Feniko,5.0,%,,not_found,False,,not_found,5.0,up_to_%,,not_found,alerabat,5.0,0.0,OK,,,,,,,MONITOR,NONE,True,,,https://alerabat.com/kody-promocyjne/feniko,
2026-09-10,Crocs,2.0,%,,no cashback,False,1.2,up_to_%,2.0,up_to_%,,no cashback,alerabat,2.0,0.0,OK,23.71,4.0,82.06,2051.54,7.0,58.35,OPTIMISE,NONE,True,,https://www.picodi.com/pl/crocs/offers,https://alerabat.com/kod-promocyjny/crocs-pl,https://goodie.pl/marka/crocs
2026-09-10,BeDiet,5.0,%,,no cashback,False,,zł,5.0,up_to_%,,no cashback,alerabat,5.0,0.0,OK,,,,,,,MONITOR,NONE,True,,https://www.picodi.com/pl/bediet/offers,https://alerabat.com/kody-promocyjne/bediet,https://goodie.pl/marka/bediet
2026-09-10,Amazon,5.0,%,5.0,%,False,3.0,up_to_%,5.0,up_to_%,5.0,up_to_%,letyshops,5.0,0.0,OK,,,,,,,MONITOR,NONE,True,https://letyshops.com/pl/shops/amazon-pl,https://www.picodi.com/pl/amazon-com/offers,https://alerabat.com/kody-promocyjne/amazon-de,https://goodie.pl/marka/amazon
2026-09-10,Born2Be,3.0,%,3.0,%,False,1.8,up_to_%,3.0,up_to_%,3.0,%,letyshops,3.0,0.0,OK,22.560000000000002,6.0,187.43,3106.49,18.0,161.43,OPTIMISE,NONE,True,https://letyshops.com/pl/shops/born2be-pl,https://www.picodi.com/pl/born2be/offers,https://alerabat.com/kody-promocyjne/born2be-pl,https://goodie.pl/marka/born2be
2026-09-10,Lookfantastic,5.0,%,5.0,%,False,,not_found,5.0,up_to_%,5.0,up_to_%,letyshops,5.0,0.0,OK,-0.44,4.8,2.2,45.38,2.0,2.64,ACT NOW,DOWN,True,https://letyshops.com/pl/shops/lookfantastic-pl,,https://alerabat.com/kod-promocyjny/lookfantastic-com,https://goodie.pl/marka/lookfantastic
2026-09-10,Morele.net,5.0,%,0.5,%,False,,not_found,5.0,up_to_%,0.25,%,alerabat,5.0,0.0,OK,,,,,,,MONITOR,NONE,True,https://letyshops.com/pl/shops/morele-net,,https://alerabat.com/kod-promocyjny/morele-net,https://goodie.pl/marka/morele-net
2026-09-10,Medicine,3.0,%,3.0,%,False,,not_found,3.0,up_to_%,,not_found,letyshops,3.0,0.0,OK,20.86,6.0,42.989999999999995,716.29,13.0,22.11,OPTIMISE,NONE,True,https://letyshops.com/pl/shops/medicine-pl,,https://alerabat.com/kody-promocyjne/medicine,
2026-09-10,Mountain Warehouse,3.0,%,3.0,%,False,,not_found,3.0,up_to_%,3.0,%,letyshops,3.0,0.0,OK,0.0,6.0,8.67,144.46,1.0,8.67,OPTIMISE,NONE,True,https://letyshops.com/pl/shops/mountain-warehouse-pl,,https://alerabat.com/kody-promocyjne/mountainwarehouse,https://goodie.pl/marka/mountain-warehouse
2026-09-10,Disney+,5.0,%,1.7,%,False,,not_found,5.0,up_to_%,,no cashback,alerabat,5.0,0.0,OK,-12.12,0.0,43.45,137.73000000000002,6.0,55.57,ACT NOW,DOWN,True,https://letyshops.com/pl/shops/disney,,https://alerabat.com/kody-promocyjne/disney,https://goodie.pl/marka/disney
2026-09-10,Giacomo Conti,5.0,%,2.5,%,False,,not_found,4.0,up_to_%,5.0,%,goodie,5.0,0.0,OK,0.0,5.0,618.38,12367.68,6.0,618.39,OPTIMISE,NONE,True,https://letyshops.com/pl/shops/giacomo-conti,,https://alerabat.com/kod-promocyjny/giacomo-pl,https://goodie.pl/marka/giacomo-conti
2026-09-10,Greenpoint,4.0,%,2.0,%,False,,not_found,2.0,up_to_%,4.0,%,goodie,4.0,0.0,OK,70.63000000000001,8.0,137.72,1721.6399999999999,9.0,67.09,OPTIMISE,NONE,True,https://letyshops.com/pl/shops/greenpoint-pl,,https://alerabat.com/kody-promocyjne/greenpoint,https://goodie.pl/marka/greenpoint
2026-09-10,eZebra,4.0,%,4.0,%,False,,not_found,4.0,up_to_%,4.0,up_to_%,letyshops,4.0,0.0,OK,,,,,,,MONITOR,NONE,True,https://letyshops.com/pl/shops/ezebra,,https://alerabat.com/kod-promocyjny/ezebra,https://goodie.pl/marka/e-zebra-pl
2026-09-10,Lidl,1.0,%,1.0,%,False,0.5,up_to_%,,no cashback,0.5,%,letyshops,1.0,0.0,OK,541.32,1.5,2055.82,41801.44,240.0,1514.5,OPTIMISE,NONE,True,https://letyshops.com/pl/shops/lidl-pl,https://www.picodi.com/pl/lidl/offers,https://alerabat.com/kody-promocyjne/lidl,https://goodie.pl/marka/lidl
2026-09-10,Castorama,2.5,%,2.0,%,False,1.2,up_to_%,2.0,up_to_%,2.5,%,goodie,2.5,0.0,OK,41.24,4.0,647.6,16191.179999999998,68.0,606.36,OPTIMISE,NONE,True,https://letyshops.com/pl/shops/castorama-pl,https://www.picodi.com/pl/castorama/offers,https://alerabat.com/kody-promocyjne/castorama,https://goodie.pl/marka/castorama
2026-09-10,Cyfrowe.pl,2.0,%,,not_found,False,,not_found,1.05,up_to_%,2.0,up_to_%,goodie,2.0,0.0,OK,-23.55,2.1,270.02,14643.220000000001,12.0,276.15,ACT NOW,DOWN,True,,,https://alerabat.com/kod-promocyjny/cyfrowe-pl,https://goodie.pl/marka/cyfrowe-pl
2026-09-10,BasicLab,2.0,%,,no cashback,False,1.2,up_to_%,2.0,up_to_%,,not_found,alerabat,2.0,0.0,OK,0.55,3.0,367.53999999999996,12250.890000000001,12.0,364.88,OPTIMISE,NONE,True,,https://www.picodi.com/pl/basiclab/offers,https://alerabat.com/kody-promocyjne/basiclab,
2026-09-10,Novakid,5.0,%,,no cashback,False,,not_found,5.0,up_to_%,,no cashback,alerabat,5.0,0.0,OK,0.0,0.0,0.0,0.0,4.0,0.0,OPTIMISE,NONE,True,,,https://alerabat.com/kody-promocyjne/novakid,https://goodie.pl/marka/novakid
2026-09-10,Orange,5.0,%,2.5,%,False,,not_found,5.0,up_to_%,1.06,up_to_%,alerabat,5.0,0.0,OK,11.61,30030.4,1008.6600000000001,121.95,20.0,997.05,OPTIMISE,NONE,True,https://letyshops.com/pl/shops/orange-pl,,https://alerabat.com/kod-promocyjny/orange,https://goodie.pl/marka/orange
2026-09-10,Nike,5.0,%,,no cashback,False,,not_found,5.0,up_to_%,,no cashback,alerabat,5.0,0.0,OK,-34.83,3.0,32.370000000000005,1078.82,15.0,67.19000000000001,ACT NOW,DOWN,True,,,https://alerabat.com/kody-promocyjne/nike,https://goodie.pl/marka/nike
2026-09-10,Pleso,5.0,%,,not_found,False,,not_found,5.0,up_to_%,,not_found,alerabat,5.0,0.0,OK,,,,,,,MONITOR,NONE,True,,,https://alerabat.com/kody-promocyjne/pleso,
2026-09-10,RedBull Mobile,5.0,%,,no cashback,False,,not_found,5.0,up_to_%,,no cashback,alerabat,5.0,0.0,OK,,,,,,,MONITOR,NONE,True,,,https://alerabat.com/kod-promocyjny/redbullmobile-pl,https://goodie.pl/marka/red-bull-mobile
2026-09-10,x-kom,5.0,%,0.65,%,False,,not_found,5.0,up_to_%,0.63,%,alerabat,5.0,0.0,OK,,,,,,,MONITOR,NONE,True,https://letyshops.com/pl-en/shops/x-kom-pl,,https://alerabat.com/kod-promocyjny/x-kom-pl,https://goodie.pl/marka/x-kom-pl
2026-09-10,Udemy,10.0,%,6.5,%,False,,not_found,10.0,up_to_%,,no cashback,alerabat,10.0,0.0,OK,0.0,15.0,24.740000000000002,123.17999999999999,13.0,24.740000000000002,OPTIMISE,NONE,True,https://letyshops.com/pl/shops/udemy,,https://alerabat.com/kody-promocyjne/udemy-com,https://goodie.pl/marka/udemy
2026-09-10,Tescoma,3.5,%,,not_found,False,,not_found,3.5,up_to_%,3.5,%,alerabat,3.5,0.0,OK,33.66,7.0,67.32,961.78,1.0,33.66,OPTIMISE,NONE,True,,,https://alerabat.com/kody-promocyjne/tescoma,https://goodie.pl/marka/tescoma
2026-09-10,Teufel,4.0,%,2.0,%,False,,not_found,4.0,up_to_%,2.0,%,alerabat,4.0,0.0,OK,0.0,4.0,95.09,2377.17,2.0,95.08,OPTIMISE,NONE,True,https://letyshops.com/pl/shops/teufel-pl,,https://alerabat.com/kody-promocyjne/teufel,https://goodie.pl/marka/teufel
2026-09-10,Świat supli,2.5,%,,not_found,False,,not_found,2.5,up_to_%,,not_found,alerabat,2.5,0.0,OK,0.0,5.0,136.09,2721.87,8.0,136.09,OPTIMISE,NONE,True,,,https://alerabat.com/kody-promocyjne/swiat-supli,
2026-09-10,Rocketjobs.pl,7.5,%,,not_found,False,,not_found,7.5,up_to_%,,not_found,alerabat,7.5,0.0,OK,1.1,0.0,5.79,0.0,1.0,4.68,OPTIMISE,NONE,True,,,https://alerabat.com/kody-promocyjne/rocketjobs,
2026-09-10,24mx,2.5,%,2.5,%,False,,not_found,2.5,up_to_%,,not_found,letyshops,2.5,0.0,OK,,,,,,,MONITOR,NONE,True,https://letyshops.com/pl/shops/24mx-pl,,https://alerabat.com/kody-promocyjne/24mx,
2026-09-10,Wolt,5.0,%,,no cashback,False,,not_found,5.0,up_to_%,,no cashback,alerabat,5.0,0.0,OK,-1.21,41.4,8.71,71.03,4.0,9.920000000000002,ACT NOW,DOWN,True,,,https://alerabat.com/kody-promocyjne/wolt,https://goodie.pl/marka/wolt
2026-09-10,Play,5.0,%,2.5,%,False,,not_found,5.0,up_to_%,,no cashback,alerabat,5.0,0.0,OK,-0.78,454.5,232.98,85.85,4.0,233.76,ACT NOW,DOWN,True,https://letyshops.com/pl/shops/play-pl,,https://alerabat.com/kod-promocyjny/play,https://goodie.pl/marka/play
2026-09-10,iParts,1.8,%,,no cashback,False,,not_found,1.75,up_to_%,,no cashback,alerabat,1.75,-0.05,OK,0.0,3.5,11.379999999999999,324.97999999999996,2.0,11.379999999999999,OPTIMISE,NONE,True,,,https://alerabat.com/kody-promocyjne/iparts-pl,https://goodie.pl/marka/iparts
2026-09-10,Lokalny Rolnik,4.5,%,4.4,%,False,,not_found,2.8,up_to_%,2.8,%,letyshops,4.4,-0.1,OK,-0.45,6.4,1.87,29.16,1.0,2.32,ACT NOW,DOWN,True,https://letyshops.com/pl/shops/lokalny-rolnik-pl,,https://alerabat.com/kody-promocyjne/lokalny-rolnik,https://goodie.pl/marka/lokalny-rolnik
2026-09-10,Dyson,2.5,%,2.4,%,False,,not_found,2.4,up_to_%,2.0,%,letyshops,2.4,-0.1,OK,7.3100000000000005,4.0,34.11,852.73,5.0,26.8,OPTIMISE,NONE,True,https://letyshops.com/pl-en/shops/dyson-pl,,https://alerabat.com/kody-promocyjne/dyson,https://goodie.pl/marka/dyson
2026-09-10,Twojemeble.pl,2.7,%,2.25,%,False,,not_found,2.25,up_to_%,2.5,%,goodie,2.5,-0.2,OK,,,,,,,OPTIMISE,NONE,True,https://letyshops.com/pl/shops/twojemeble-pl,,https://alerabat.com/kody-promocyjne/twojemeble-pl,https://goodie.pl/marka/twojemeble-pl
2026-09-10,Converse,5.0,%,4.8,%,False,3.6,up_to_%,4.8,up_to_%,3.0,%,letyshops,4.8,-0.2,OK,6.64,5.0,57.849999999999994,1023.97,6.0,51.199999999999996,OPTIMISE,NONE,True,https://letyshops.com/pl/shops/converse-pl,https://www.picodi.com/pl/converse/offers,https://alerabat.com/kody-promocyjne/converse-pl,https://goodie.pl/marka/converse
2026-09-10,KurJerzy.pl,3.0,%,2.8,%,False,,not_found,,not_found,,not_found,letyshops,2.8,-0.2,OK,,,,,,,OPTIMISE,NONE,True,https://letyshops.com/pl/shops/kurjerzy-pl,,,
2026-09-10,Brasty,2.0,%,0.5,%,False,1.8,up_to_%,1.0,up_to_%,,no cashback,picodi,1.8,-0.2,OK,2.0,1.0,333.01,17089.43,13.0,330.59000000000003,OPTIMISE,NONE,True,https://letyshops.com/pl/shops/brasty-pl,https://www.picodi.com/pl/brasty/offers,https://alerabat.com/kody-promocyjne/brasty-pl,https://goodie.pl/marka/brasty
2026-09-10,KFC,3.0,%,2.75,%,False,,not_found,2.76,up_to_%,2.77,%,goodie,2.77,-0.23,OK,4.279999999999999,5.5,32.97,596.27,38.0,28.689999999999998,OPTIMISE,NONE,True,https://letyshops.com/pl/shops/kfc-polska,,https://alerabat.com/kody-promocyjne/kfc,https://goodie.pl/marka/kfc
2026-09-10,Diablo Chairs,4.0,%,2.25,%,False,,not_found,3.75,up_to_%,2.25,%,alerabat,3.75,-0.25,OK,1.12,4.5,685.53,14143.25,8.0,684.4,OPTIMISE,NONE,True,https://letyshops.com/pl/shops/diablo-chairs,,https://alerabat.com/kody-promocyjne/diablo-chairs,https://goodie.pl/marka/diablochairs
2026-09-10,eSky,2.0,%,1.75,%,False,,not_found,1.75,up_to_%,1.75,%,letyshops,1.75,-0.25,OK,45.48,3.5,230.4,6583.21,6.0,184.92000000000002,OPTIMISE,NONE,True,https://letyshops.com/pl/shops/esky,,https://alerabat.com/kody-promocyjne/esky-pl,https://goodie.pl/marka/esky-pl
2026-09-10,LG,1.75,%,1.5,%,False,,not_found,0.25,up_to_%,1.0,up_to_%,letyshops,1.5,-0.25,OK,-32.69,0.5,52.660000000000004,4001.54,7.0,85.35,ACT NOW,DOWN,True,https://letyshops.com/pl/shops/lg-pl,,https://alerabat.com/kody-promocyjne/lg,https://goodie.pl/marka/lg
2026-09-10,Merkury Market,2.0,%,,no cashback,False,,not_found,1.75,up_to_%,,no cashback,alerabat,1.75,-0.25,OK,74.00999999999999,3.5,794.01,22686.280000000002,22.0,576.21,OPTIMISE,NONE,True,,,https://alerabat.com/kody-promocyjne/merkury-market,https://goodie.pl/marka/merkurymarket-pl
2026-09-10,LOT,1.0,%,,not_found,False,,not_found,0.75,up_to_%,,not_found,alerabat,0.75,-0.25,OK,16.43,1.5,223.85,14923.64,36.0,207.42000000000002,OPTIMISE,NONE,True,,,https://alerabat.com/kod-promocyjny/lot,
2026-09-10,Carrefour,2.0,%,1.5,%,False,0.9,up_to_%,1.5,up_to_%,1.75,%,goodie,1.75,-0.25,OK,8.89,3.0,24.73,784.11,14.0,15.83,OPTIMISE,NONE,True,https://letyshops.com/pl/shops/carrefour-pl,https://www.picodi.com/pl/carrefour/offers,https://alerabat.com/kody-promocyjne/carrefour,https://goodie.pl/marka/carrefour
2026-09-10,Ubisoft,0.5,%,,not_found,False,,not_found,,not_found,0.21,%,goodie,0.21,-0.29,OK,,,,,,,OPTIMISE,NONE,True,,,,https://goodie.pl/marka/ubisoft
2026-09-10,Zelmer,3.3,%,,not_found,False,,not_found,3.0,up_to_%,,no cashback,alerabat,3.0,-0.3,OK,,,,,,,OPTIMISE,NONE,True,,,https://alerabat.com/kody-promocyjne/zelmer,https://goodie.pl/marka/zelmer
2026-09-10,Przyjaciele Kawy,4.0,%,3.7,%,False,,not_found,3.55,up_to_%,3.7,up_to_%,letyshops,3.7,-0.3,OK,5455.84,7.1,7786.26,162665.19,38.0,2330.42,OPTIMISE,NONE,True,https://letyshops.com/pl/shops/przyjaciele-kawy-pl,,https://alerabat.com/kody-promocyjne/przyjaciele-kawy,https://goodie.pl/marka/przyjacielekawy-pl
2026-09-10,MebleMWM,3.5,%,3.2,%,False,,not_found,3.2,up_to_%,,no cashback,letyshops,3.2,-0.3,OK,4422.8,6.4,8290.5,129539.14,51.0,3867.7,OPTIMISE,NONE,True,https://letyshops.com/pl/shops/meblemwm-pl,,https://alerabat.com/kody-promocyjne/meble-mwm,https://goodie.pl/marka/meblemwm-pl
2026-09-10,Bricomarche,3.5,%,2.4,%,False,1.4,up_to_%,3.2,up_to_%,2.4,%,alerabat,3.2,-0.3,OK,32.3,4.8,257.33,4817.22,64.0,225.03,OPTIMISE,NONE,True,https://letyshops.com/pl/shops/bricomarche-pl,https://www.picodi.com/pl/bricomarche/offers,https://alerabat.com/kody-promocyjne/bricomarche,https://goodie.pl/marka/bricomarche
2026-09-10,Aclari,1.8,%,,not_found,False,,not_found,1.5,up_to_%,,not_found,alerabat,1.5,-0.3,OK,14.53,3.0,36.33,1210.86,1.0,21.79,OPTIMISE,NONE,True,,,https://alerabat.com/kody-promocyjne/aclari,
2026-09-10,Egmont,3.6,%,3.25,%,False,,not_found,3.0,up_to_%,3.0,%,letyshops,3.25,-0.35,OK,,,,,,,OPTIMISE,NONE,True,https://letyshops.com/pl/shops/egmont,,https://alerabat.com/kody-promocyjne/egmont-pl,https://goodie.pl/marka/egmont-pl
2026-09-10,Trip.com,3.85,%,3.5,%,False,,not_found,,not_found,2.75,up_to_%,letyshops,3.5,-0.35,OK,60.480000000000004,5.5,320.48,8587.279999999999,16.0,260.0,OPTIMISE,NONE,True,https://letyshops.com/pl/shops/trip-com,,,https://goodie.pl/marka/trip-com
2026-09-10,Olimp Store,2.5,%,,not_found,False,,not_found,2.1,up_to_%,,no cashback,alerabat,2.1,-0.4,OK,1.02,4.2,5.37,128.07,3.0,2.84,OPTIMISE,NONE,True,,,https://alerabat.com/kody-promocyjne/olimp-store,https://goodie.pl/marka/olimp-store
2026-09-10,Lufthansa,1.2,%,0.75,%,False,,not_found,0.75,up_to_%,,no cashback,letyshops,0.75,-0.45,OK,-0.14000000000000012,1.5,15.21,1014.06,4.0,14.47,ACT NOW,DOWN,True,https://letyshops.com/pl/shops/lufthansa-pl,,https://alerabat.com/kod-promocyjny/lufthansa,https://goodie.pl/marka/lufthansa
2026-09-10,Kubenz,2.76,%,,not_found,False,,not_found,2.3,up_to_%,,no cashback,alerabat,2.3,-0.46,OK,,,,,,,OPTIMISE,NONE,True,,,https://alerabat.com/kody-promocyjne/kubenz,https://goodie.pl/marka/kubenz
2026-09-10,Tagomago,3.0,%,2.5,%,False,,not_found,2.5,up_to_%,2.5,%,letyshops,2.5,-0.5,OK,3.1300000000000003,3.8,19.49,485.89000000000004,4.0,16.36,OPTIMISE,NONE,True,https://letyshops.com/pl/shops/tagomago-pl,,https://alerabat.com/kod-promocyjny/tagomago-pl,https://goodie.pl/marka/tagomago-pl
2026-09-10,Peek & Cloppenburg,2.0,%,1.5,%,False,,not_found,,not_found,1.5,%,letyshops,1.5,-0.5,OK,5.0,3.0,17.64,588.22,7.0,12.65,OPTIMISE,NONE,True,https://letyshops.com/pl/shops/peek-cloppenburg-pl,,,https://goodie.pl/marka/peekcloppenburg
2026-09-10,Komputronik,1.5,%,1.0,%,False,,not_found,0.95,up_to_%,0.75,%,letyshops,1.0,-0.5,OK,2.67,1.5,167.23000000000002,11065.220000000001,9.0,150.29,OPTIMISE,NONE,True,https://letyshops.com/pl-en/shops/komputronik-pl,,https://alerabat.com/kod-promocyjny/komputronik-pl,https://goodie.pl/marka/komputronik
2026-09-10,Pyszne.pl,2.0,%,1.5,%,False,,not_found,1.5,up_to_%,1.5,up_to_%,letyshops,1.5,-0.5,OK,-675.83,3.0,168.55,5398.2,273.0,844.35,ACT NOW,DOWN,True,https://letyshops.com/pl-en/shops/pyszne-pl,,https://alerabat.com/kod-promocyjny/pyszne-pl,https://goodie.pl/marka/pyszne-pl
2026-09-10,MediaMarkt,4.0,%,3.5,%,False,1.8,up_to_%,3.0,up_to_%,3.0,up_to_%,letyshops,3.5,-0.5,OK,-425.84,2.9,765.48,32729.5,94.0,1191.33,ACT NOW,DOWN,True,https://letyshops.com/pl/shops/media-markt-pl,https://www.picodi.com/pl/mediamarkt/offers,https://alerabat.com/kod-promocyjny/mediamarkt,https://goodie.pl/marka/media-markt
2026-09-10,Homla,2.5,%,,no cashback,False,,not_found,2.0,up_to_%,2.0,%,alerabat,2.0,-0.5,OK,6.88,4.8,40.53,844.37,14.0,33.65,OPTIMISE,NONE,True,,,https://alerabat.com/kody-promocyjne/homla,https://goodie.pl/marka/homla
2026-09-10,FotoForma,2.0,%,,not_found,False,,not_found,1.25,up_to_%,1.5,%,goodie,1.5,-0.5,OK,1.67,2.5,268.03,10721.34,3.0,266.36,OPTIMISE,NONE,True,,,https://alerabat.com/kody-promocyjne/fotoforma,https://goodie.pl/marka/fotoforma
2026-09-10,Footshop,3.0,%,2.5,%,False,,not_found,2.5,up_to_%,2.5,up_to_%,letyshops,2.5,-0.5,OK,72.89,4.0,96.92,2403.37,3.0,24.03,OPTIMISE,NONE,True,https://letyshops.com/pl/shops/footshop-pl,,https://alerabat.com/kody-promocyjne/footshop-pl,https://goodie.pl/marka/footshop-pl
2026-09-10,Brainmarket,1.75,%,,not_found,False,,not_found,1.25,up_to_%,,not_found,alerabat,1.25,-0.5,OK,,,,,,,OPTIMISE,NONE,True,,,https://alerabat.com/kody-promocyjne/brainmarket,
2026-09-10,eobuwie,4.0,%,3.5,%,False,,not_found,3.5,up_to_%,3.5,%,letyshops,3.5,-0.5,OK,101.26,3.6,364.21,8185.53,100.0,262.95,OPTIMISE,NONE,True,https://letyshops.com/pl/shops/eobuwie-pl,,https://alerabat.com/kod-promocyjny/eobuwie,https://goodie.pl/marka/eobuwie-pl
2026-09-10,Yanosik,3.0,%,2.5,%,False,,not_found,2.0,up_to_%,2.0,%,letyshops,2.5,-0.5,OK,,,,,,,OPTIMISE,NONE,True,https://letyshops.com/pl/shops/yanosik-pl,,https://alerabat.com/kody-promocyjne/yanosik,https://goodie.pl/marka/yanosik-pl
2026-09-10,Victoria's Secret,3.0,%,2.5,%,False,,not_found,2.0,up_to_%,,not_found,letyshops,2.5,-0.5,OK,5.8999999999999995,5.0,7.17,145.39000000000001,4.0,1.27,OPTIMISE,NONE,True,https://letyshops.com/pl/shops/victorias-secret-pl,,https://alerabat.com/kody-promocyjne/victorias-secret,
2026-09-10,Venezia,2.5,%,,not_found,False,,not_found,,no cashback,2.0,up_to_%,goodie,2.0,-0.5,OK,13.790000000000001,5.0,25.580000000000002,511.61,4.0,11.79,OPTIMISE,NONE,True,,,https://alerabat.com/kod-promocyjny/venezia,https://goodie.pl/marka/venezia
2026-09-10,Green Touch,3.3,%,1.75,%,False,,not_found,2.75,up_to_%,2.75,%,alerabat,2.75,-0.55,OK,,,,,,,OPTIMISE,NONE,True,https://letyshops.com/pl/shops/green-touch-pl,,https://alerabat.com/kody-promocyjne/green-touch,https://goodie.pl/marka/greentouch-pl
2026-09-10,uPacjenta,3.36,%,2.8,%,False,,not_found,2.8,up_to_%,2.8,%,letyshops,2.8,-0.56,OK,,,,,,,OPTIMISE,NONE,True,https://letyshops.com/pl/shops/upacjenta-pl,,https://alerabat.com/kody-promocyjne/upacjenta,https://goodie.pl/marka/upacjenta
2026-09-10,zooplus,2.1,%,1.5,%,False,,not_found,1.5,up_to_%,1.5,up_to_%,letyshops,1.5,-0.6,OK,-1421.49,1.0,3545.39,148115.6,723.0,4966.900000000001,ACT NOW,DOWN,True,https://letyshops.com/pl/shops/zooplus-pl,,https://alerabat.com/kod-promocyjny/zooplus-pl,https://goodie.pl/marka/zooplus
2026-09-10,eBilet,1.0,%,0.4,%,False,,not_found,0.4,up_to_%,0.4,%,letyshops,0.4,-0.6,OK,-0.94,0.8,6.859999999999999,783.34,10.0,7.81,ACT NOW,DOWN,True,https://letyshops.com/pl/shops/ebilet-pl,,https://alerabat.com/kody-promocyjne/ebilet,https://goodie.pl/marka/ebilet
2026-09-10,Gomez,4.0,%,3.3,%,False,,not_found,3.33,up_to_%,3.33,up_to_%,alerabat,3.33,-0.67,OK,6.25,6.7,83.08,1309.49,5.0,76.83,OPTIMISE,NONE,True,https://letyshops.com/pl/shops/gomez-pl,,https://alerabat.com/kody-promocyjne/gomez,https://goodie.pl/marka/gomez-pl
2026-09-10,ModnaKiecka.pl,4.0,%,,not_found,False,,not_found,,not_found,3.33,%,goodie,3.33,-0.67,OK,,,,,,,OPTIMISE,NONE,True,,,,https://goodie.pl/marka/modnakiecka-pl
2026-09-10,Alpine Pro,4.8,%,4.0,%,False,2.4,up_to_%,4.0,up_to_%,,no cashback,letyshops,4.0,-0.8,OK,,,,,,,OPTIMISE,NONE,True,https://letyshops.com/pl/shops/alpinepro-pl,https://www.picodi.com/pl/alpinepro/offers,https://alerabat.com/kody-promocyjne/alpine-pro,https://goodie.pl/marka/alpine-pro
2026-09-10,iDream,3.0,%,,not_found,False,,not_found,2.17,up_to_%,,no cashback,alerabat,2.17,-0.83,OK,-40.66,4.3,414.34000000000003,12896.75,11.0,234.44,ACT NOW,DOWN,True,,,https://alerabat.com/kody-promocyjne/idream,https://goodie.pl/marka/idream
2026-09-10,SeePlaces,3.15,%,2.25,%,False,,not_found,2.25,up_to_%,2.25,%,letyshops,2.25,-0.9,OK,4.25,4.5,13.89,308.58,1.0,9.64,OPTIMISE,NONE,True,https://letyshops.com/pl/shops/seeplaces-pl,,https://alerabat.com/kody-promocyjne/seeplaces,https://goodie.pl/marka/seeplaces
2026-09-10,E-Kwiaty,4.0,%,3.0,%,False,,not_found,3.1,up_to_%,3.1,%,alerabat,3.1,-0.9,OK,,,,,,,OPTIMISE,NONE,True,https://letyshops.com/pl/shops/e-kwiaty-pl,,https://alerabat.com/kody-promocyjne/e-kwiaty,https://goodie.pl/marka/e-kwiaty-pl
2026-09-10,Tefal,5.0,%,4.0,%,False,,not_found,3.0,up_to_%,3.08,%,letyshops,4.0,-1.0,OK,7.890000000000001,7.7,18.55,239.27999999999997,4.0,10.67,OPTIMISE,NONE,True,https://letyshops.com/pl/shops/tefal-pl,,https://alerabat.com/kody-promocyjne/tefal,https://goodie.pl/marka/tefal
2026-09-10,Mamyito,5.0,%,4.0,%,False,,not_found,2.8,up_to_%,4.0,%,letyshops,4.0,-1.0,OK,38.78,5.6,494.5,8869.19,22.0,455.73,OPTIMISE,NONE,True,https://letyshops.com/pl/shops/mamyito-pl,,https://alerabat.com/kody-promocyjne/mamyito,https://goodie.pl/marka/mamyito-pl
2026-09-10,Kiwi,3.0,%,2.0,%,False,,not_found,1.5,up_to_%,,no cashback,letyshops,2.0,-1.0,OK,,,,,,,OPTIMISE,NONE,True,https://letyshops.com/pl/shops/kiwi,,https://alerabat.com/kody-promocyjne/kiwi,https://goodie.pl/marka/kiwi
2026-09-10,SportStyleStory,6.0,%,5.0,%,False,,not_found,3.0,up_to_%,3.0,up_to_%,letyshops,5.0,-1.0,OK,11.41,6.0,1283.59,21393.489999999998,13.0,1272.18,OPTIMISE,NONE,True,https://letyshops.com/pl/shops/sportstylestory-pl,,https://alerabat.com/kody-promocyjne/sportstylestory,https://goodie.pl/marka/sportstylestory-com
2026-09-10,Renee,6.0,%,3.0,%,False,,not_found,3.0,up_to_%,5.0,%,goodie,5.0,-1.0,OK,2.88,6.0,87.9,1464.9599999999998,15.0,82.8,OPTIMISE,NONE,True,https://letyshops.com/pl-en/shops/renee,,https://alerabat.com/kody-promocyjne/renee-pl,https://goodie.pl/marka/renee-pl
2026-09-10,Zalando,5.0,%,,no cashback,False,,not_found,4.0,up_to_%,,no cashback,alerabat,4.0,-1.0,OK,,,,,,,OPTIMISE,NONE,True,,,https://alerabat.com/kod-promocyjny/zalando-pl,https://goodie.pl/marka/zalando
2026-09-10,Max Elektro,2.0,%,1.0,%,False,,not_found,1.0,up_to_%,1.0,%,letyshops,1.0,-1.0,OK,113.10000000000001,2.0,472.62,11836.33,7.0,359.52000000000004,OPTIMISE,NONE,True,https://letyshops.com/pl/shops/maxelektro,,https://alerabat.com/kody-promocyjne/max-elektro,https://goodie.pl/marka/max-elektro-pl
2026-09-10,Erli,3.5,%,2.2,%,False,,not_found,2.5,up_to_%,2.2,up_to_%,alerabat,2.5,-1.0,OK,-1.6499999999999981,3.4,2378.12,73060.41,547.0,2379.75,ACT NOW,DOWN,True,https://letyshops.com/pl/shops/erli,,https://alerabat.com/kody-promocyjne/erli,https://goodie.pl/marka/erli-pl
2026-09-10,Geekbuying.pl,5.0,%,4.0,%,False,,not_found,2.5,up_to_%,4.0,up_to_%,letyshops,4.0,-1.0,OK,15.02,5.0,86.47,1726.92,3.0,71.45,OPTIMISE,NONE,True,https://letyshops.com/pl/shops/geekbuying-pl,,https://alerabat.com/kody-promocyjne/geekbuying,https://goodie.pl/marka/geekbuying-pl
2026-09-10,iHerb,3.0,%,2.0,%,False,,not_found,0.5,up_to_%,2.0,up_to_%,letyshops,2.0,-1.0,OK,-54.510000000000005,6.0,81.74,1377.88,25.0,136.26,ACT NOW,DOWN,True,https://letyshops.com/pl/shops/iherb,,https://alerabat.com/kody-promocyjne/iherb,https://goodie.pl/marka/iherb
2026-09-10,Answear,3.0,%,2.0,%,False,1.2,up_to_%,1.75,up_to_%,2.0,up_to_%,letyshops,2.0,-1.0,OK,399.58,3.8,1210.15,33689.46,46.0,810.55,OPTIMISE,NONE,True,https://letyshops.com/pl/shops/answear,https://www.picodi.com/pl/answear-com/offers,https://alerabat.com/kod-promocyjny/answear-com,https://goodie.pl/marka/answear-com
2026-09-10,Dermacol,3.0,%,,not_found,False,,not_found,2.0,up_to_%,,not_found,alerabat,2.0,-1.0,OK,-19.65,4.0,27.93,698.16,4.0,47.58,ACT NOW,DOWN,True,,,https://alerabat.com/kody-promocyjne/dermacol,
2026-09-10,Aelia,5.0,%,4.0,%,False,2.0,up_to_%,3.25,up_to_%,3.25,%,letyshops,4.0,-1.0,OK,23.07,6.5,95.14999999999999,1463.74,2.0,72.08,OPTIMISE,NONE,True,https://letyshops.com/pl/shops/aelia,https://www.picodi.com/pl/aelia/offers,https://alerabat.com/kody-promocyjne/aelia,https://goodie.pl/marka/aelia
2026-09-10,Brooks,6.0,%,,not_found,False,3.0,up_to_%,5.0,up_to_%,,not_found,alerabat,5.0,-1.0,OK,,,,,,,OPTIMISE,NONE,True,,https://www.picodi.com/pl/brooks/offers,https://alerabat.com/kody-promocyjne/brooks,
2026-09-10,Hebe,5.0,%,4.0,%,False,1.8,up_to_%,2.5,up_to_%,,no cashback,letyshops,4.0,-1.0,OK,-80.06,6.5,212.71,3335.25,144.0,292.78,ACT NOW,DOWN,True,https://letyshops.com/pl-en/shops/hebe,https://www.picodi.com/pl/hebe/offers,https://alerabat.com/kody-promocyjne/hebe,https://goodie.pl/marka/hebe
2026-09-10,Notino,3.5,%,2.5,%,False,,not_found,,not_found,2.5,up_to_%,letyshops,2.5,-1.0,OK,-88.28999999999999,2.9,2365.03,51977.72,178.0,2453.29,ACT NOW,DOWN,True,https://letyshops.com/pl-en/shops/notino-pl,,,https://goodie.pl/marka/notino
2026-09-10,Pandora,4.0,%,3.0,%,False,,not_found,3.0,up_to_%,3.0,%,letyshops,3.0,-1.0,OK,,,,,,,OPTIMISE,NONE,True,https://letyshops.com/pl/shops/pandora-pl,,https://alerabat.com/kody-promocyjne/pandora,https://goodie.pl/marka/pandora
2026-09-10,Zwieger,3.0,%,2.0,%,False,,not_found,2.0,up_to_%,2.0,%,letyshops,2.0,-1.0,OK,3.44,4.0,14.07,351.77,1.0,10.63,OPTIMISE,NONE,True,https://letyshops.com/pl/shops/zwieger-pl,,https://alerabat.com/kody-promocyjne/zwieger,https://goodie.pl/marka/zwieger
2026-09-10,Streetstyle24,4.5,%,3.45,%,False,,not_found,3.46,up_to_%,3.46,%,alerabat,3.46,-1.04,OK,270.56,6.9,1377.08,19899.93,12.0,1106.5,OPTIMISE,NONE,True,https://letyshops.com/pl/shops/streetstyle24-pl,,https://alerabat.com/kody-promocyjne/streetstyle24-pl,https://goodie.pl/marka/streetstyle24-pl
2026-09-10,Kubota,4.5,%,,not_found,False,,not_found,3.45,up_to_%,,not_found,alerabat,3.45,-1.05,OK,,,,,,,OPTIMISE,NONE,True,,,https://alerabat.com/kody-promocyjne/kubota,
2026-09-10,Leroy Merlin,3.0,%,1.75,%,False,1.3,up_to_%,1.75,up_to_%,1.75,%,letyshops,1.75,-1.25,OK,54.25000000000001,3.5,1086.67,29957.82,141.0,1032.4,OPTIMISE,NONE,True,https://letyshops.com/pl/shops/leroy-merlin,https://www.picodi.com/pl/leroy-merlin/offers,https://alerabat.com/kod-promocyjny/leroy-merlin,https://goodie.pl/marka/leroy-merlin
2026-09-10,Perfumeria,3.84,%,2.5,%,False,,not_found,2.5,up_to_%,1.92,%,letyshops,2.5,-1.34,OK,0.0,3.8,5.67,147.42000000000002,2.0,5.66,OPTIMISE,NONE,True,https://letyshops.com/pl/shops/perfumeria-pl,,https://alerabat.com/kod-promocyjny/perfumeria-pl,https://goodie.pl/marka/perfumeria-pl
2026-09-10,Znak,3.0,%,1.5,%,False,,not_found,1.6,up_to_%,,no cashback,alerabat,1.6,-1.4,OK,,,,,,,OPTIMISE,NONE,True,https://letyshops.com/pl/shops/znak,,https://alerabat.com/kod-promocyjny/znak,https://goodie.pl/marka/znak
2026-09-10,ALAB Laboratoria,6.0,%,4.6,%,False,1.9,up_to_%,3.12,up_to_%,3.12,%,letyshops,4.6,-1.4,OK,-3.299999999999999,6.3,69.61,1073.28,17.0,72.9,ACT NOW,DOWN,True,https://letyshops.com/pl/shops/alab-laboratoria-pl,https://www.picodi.com/pl/alablaboratoria/offers,https://alerabat.com/kody-promocyjne/alab,https://goodie.pl/marka/alab-laboratoria
2026-09-10,Katalog Marzeń,2.8,%,1.35,%,False,,not_found,,not_found,1.35,up_to_%,letyshops,1.35,-1.45,OK,0.0,2.8,5.86,209.04000000000002,5.0,5.86,OPTIMISE,NONE,True,https://letyshops.com/pl/shops/katalog-marzen-pl,,,https://goodie.pl/marka/katalog-marzen
2026-09-10,Gameseal,3.0,%,1.5,%,False,,not_found,1.5,up_to_%,1.5,%,letyshops,1.5,-1.5,OK,,,,,,,OPTIMISE,NONE,True,https://letyshops.com/pl/shops/gameseal,,https://alerabat.com/kody-promocyjne/gameseal,https://goodie.pl/marka/gameseal
2026-09-10,Flexispot,4.0,%,2.5,%,False,,not_found,2.5,up_to_%,2.5,%,letyshops,2.5,-1.5,OK,3.52,5.0,17.58,351.66,1.0,14.07,OPTIMISE,NONE,True,https://letyshops.com/pl/shops/flexispot-pl,,https://alerabat.com/kody-promocyjne/flexispot,https://goodie.pl/marka/flexispot
2026-09-10,Michael Kors,3.0,%,,no cashback,False,,not_found,1.5,up_to_%,,no cashback,alerabat,1.5,-1.5,OK,0.0,3.0,4.52,150.5,1.0,0.0,OPTIMISE,NONE,True,,,https://alerabat.com/kody-promocyjne/michael-kors,https://goodie.pl/marka/michael-kors
2026-09-10,Leo Express,4.0,%,,not_found,False,,not_found,2.5,up_to_%,2.5,%,alerabat,2.5,-1.5,OK,1.04,5.0,11.52,155.96,4.0,6.289999999999999,OPTIMISE,NONE,True,,,https://alerabat.com/kody-promocyjne/leoexpress,https://goodie.pl/marka/leoexpress
2026-09-10,Pitbull,5.0,%,3.5,%,False,,not_found,3.5,up_to_%,,no cashback,letyshops,3.5,-1.5,OK,,,,,,,OPTIMISE,NONE,True,https://letyshops.com/pl/shops/pitbull-pl,,https://alerabat.com/kody-promocyjne/pitbull-shop,https://goodie.pl/marka/pitbull
2026-09-10,xlmoto,4.0,%,,not_found,False,,not_found,2.5,up_to_%,,not_found,alerabat,2.5,-1.5,OK,,,,,,,OPTIMISE,NONE,True,,,https://alerabat.com/kody-promocyjne/xl-moto,
2026-09-10,Gamivo,4.0,%,2.5,%,False,,not_found,2.5,up_to_%,2.5,%,letyshops,2.5,-1.5,OK,-1037.17,5.0,164.13,1667.38,39.0,1197.77,ACT NOW,DOWN,True,https://letyshops.com/pl/shops/gamivo,,https://alerabat.com/kody-promocyjne/gamivo,https://goodie.pl/marka/gamivo
2026-09-10,Eurofirany,5.0,%,3.5,%,False,,not_found,2.85,up_to_%,2.85,%,letyshops,3.5,-1.5,OK,-0.32,5.0,101.26,2031.72,2.0,101.59,ACT NOW,DOWN,True,https://letyshops.com/pl/shops/eurofirany,,https://alerabat.com/kody-promocyjne/eurofirany-com-pl,https://goodie.pl/marka/eurofirany
2026-09-10,Flixbus,4.0,%,,no cashback,False,,not_found,2.5,up_to_%,2.5,up_to_%,alerabat,2.5,-1.5,OK,5.1,3.0,39.87,1079.88,72.0,34.769999999999996,OPTIMISE,NONE,True,,,https://alerabat.com/kody-promocyjne/flixbus,https://goodie.pl/marka/flixbus-pl
2026-09-10,Joom,9.0,%,,no cashback,False,,not_found,7.5,up_to_%,5.25,up_to_%,alerabat,7.5,-1.5,OK,10.309999999999999,9.8,34.1,349.29,10.0,23.79,OPTIMISE,NONE,True,,,https://alerabat.com/kody-promocyjne/joom,https://goodie.pl/marka/joom
2026-09-10,Eltrox,4.5,%,2.75,%,False,,not_found,3.0,up_to_%,2.75,up_to_%,alerabat,3.0,-1.5,OK,0.0,4.5,289.63,6436.17,4.0,289.64,OPTIMISE,NONE,True,https://letyshops.com/pl/shops/eltrox-pl,,https://alerabat.com/kod-promocyjny/eltrox-pl,https://goodie.pl/marka/eltrox-pl
2026-09-10,G2A,3.0,%,1.15,%,False,,not_found,1.15,up_to_%,1.35,%,goodie,1.35,-1.65,OK,-0.1100000000000001,3.8,19.62,495.79999999999995,31.0,19.740000000000002,ACT NOW,DOWN,True,https://letyshops.com/pl/shops/g2a,,https://alerabat.com/kody-promocyjne/g2a-com,https://goodie.pl/marka/g2a-com
2026-09-10,Mova,4.2,%,,not_found,False,,not_found,2.5,up_to_%,2.5,%,alerabat,2.5,-1.7,OK,,,,,,,OPTIMISE,NONE,True,,,https://alerabat.com/kody-promocyjne/mova,https://goodie.pl/marka/mova
2026-09-10,home&you,6.5,%,2.0,%,False,1.2,up_to_%,,not_found,4.75,up_to_%,goodie,4.75,-1.75,OK,16.96,4.0,165.57,2793.07,42.0,148.61,OPTIMISE,NONE,True,https://letyshops.com/pl/shops/home-you,https://www.picodi.com/pl/home-you/offers,,https://goodie.pl/marka/homeyou
2026-09-10,CCC,5.0,%,3.25,%,False,2.0,up_to_%,3.25,up_to_%,3.25,up_to_%,letyshops,3.25,-1.75,OK,54.67,6.5,192.67,3239.16,70.0,137.99,OPTIMISE,NONE,True,https://letyshops.com/pl-en/shops/ccc-pl,https://www.picodi.com/pl/ccc/offers,https://alerabat.com/kody-promocyjne/ccc,https://goodie.pl/marka/ccc
2026-09-10,Reporter Young,3.5,%,,no cashback,False,,not_found,1.75,up_to_%,,not_found,alerabat,1.75,-1.75,OK,0.0,3.5,5.87,167.78,2.0,3.23,OPTIMISE,NONE,True,,,https://alerabat.com/kody-promocyjne/reporter-young,
2026-09-10,4kidspoint,3.5,%,1.75,%,False,,not_found,1.75,up_to_%,,no cashback,letyshops,1.75,-1.75,OK,,,,,,,OPTIMISE,NONE,True,https://letyshops.com/pl/shops/4kidspoint-pl,,https://alerabat.com/kody-promocyjne/4kidspoint-pl,https://goodie.pl/marka/4kidspoint-pl
2026-09-10,7way,3.5,%,1.75,%,False,,not_found,1.75,up_to_%,1.75,%,letyshops,1.75,-1.75,OK,,,,,,,OPTIMISE,NONE,True,https://letyshops.com/pl/shops/7way,,https://alerabat.com/kody-promocyjne/7way,https://goodie.pl/marka/7way
2026-09-10,Cobi,3.5,%,1.75,%,False,1.1,up_to_%,1.75,up_to_%,1.75,%,letyshops,1.75,-1.75,OK,0.39,3.0,6.91,230.88,2.0,6.52,OPTIMISE,NONE,True,https://letyshops.com/pl/shops/cobi-pl,https://www.picodi.com/pl/cobi/offers,https://alerabat.com/kody-promocyjne/cobi,https://goodie.pl/marka/cobi
2026-09-10,Josera,5.5,%,3.75,%,False,,not_found,3.75,up_to_%,3.1,%,letyshops,3.75,-1.75,OK,,,,,,,OPTIMISE,NONE,True,https://letyshops.com/pl/shops/josera-pl,,https://alerabat.com/kody-promocyjne/josera,https://goodie.pl/marka/josera-pl
2026-09-10,Primodo,5.0,%,,not_found,False,,not_found,3.1,up_to_%,,no cashback,alerabat,3.1,-1.9,OK,,,,,,,OPTIMISE,NONE,True,,,https://alerabat.com/kody-promocyjne/primodo,https://goodie.pl/marka/primodo
2026-09-10,AUTODOC,7.0,%,5.0,%,False,4.2,up_to_%,4.0,up_to_%,4.0,up_to_%,letyshops,5.0,-2.0,OK,9.5,10.0,76.77000000000001,783.92,2.0,67.27,OPTIMISE,NONE,True,https://letyshops.com/pl/shops/autodoc-pl,https://www.picodi.com/pl/autodoc/offers,https://alerabat.com/kody-promocyjne/autodoc,https://goodie.pl/marka/autodoc
2026-09-10,Baseus,4.0,%,2.0,%,False,1.2,up_to_%,2.0,up_to_%,,not_found,letyshops,2.0,-2.0,OK,2.51,4.0,14.92,372.85,2.0,12.4,OPTIMISE,NONE,True,https://letyshops.com/pl/shops/baseus-pl,https://www.picodi.com/pl/baseus/offers,https://alerabat.com/kody-promocyjne/baseus,
2026-09-10,Bimba Y Lola,6.0,%,,not_found,False,2.4,up_to_%,4.0,up_to_%,4.0,%,alerabat,4.0,-2.0,OK,,,,,,,OPTIMISE,NONE,True,,https://www.picodi.com/pl/bimba-y-lola/offers,https://alerabat.com/kody-promocyjne/bimba-y-lola,https://goodie.pl/marka/bimba-y-lola
2026-09-10,EMP,7.0,%,5.0,%,False,,not_found,,not_found,,not_found,letyshops,5.0,-2.0,OK,0.0,4.0,1.96,49.04,1.0,1.96,OPTIMISE,NONE,True,https://letyshops.com/pl/shops/emp-pl,,,
2026-09-10,Adidas,5.0,%,3.0,%,False,1.8,up_to_%,3.0,up_to_%,3.0,up_to_%,letyshops,3.0,-2.0,OK,4.399999999999993,6.0,232.69,6155.219999999999,103.0,228.27,OPTIMISE,NONE,True,https://letyshops.com/pl/shops/adidas-polska,https://www.picodi.com/pl/adidas-pl/offers,https://alerabat.com/kod-promocyjny/adidas-pl,https://goodie.pl/marka/adidas
2026-09-10,Agoda,5.0,%,,no cashback,False,1.8,up_to_%,3.0,up_to_%,,no cashback,alerabat,3.0,-2.0,OK,3.3099999999999996,6.0,14.56,242.76000000000002,9.0,11.25,OPTIMISE,NONE,True,,https://www.picodi.com/pl/agoda/offers,https://alerabat.com/kody-promocyjne/agoda-com,https://goodie.pl/marka/agoda
2026-09-10,Maxi Zoo,5.0,%,3.0,%,False,,not_found,3.0,up_to_%,3.0,up_to_%,letyshops,3.0,-2.0,OK,-144.91,3.0,3188.18,103377.07,826.0,3333.1,ACT NOW,DOWN,True,https://letyshops.com/pl/shops/maxi-zoo-pl,,https://alerabat.com/kody-promocyjne/maxi-zoo,https://goodie.pl/marka/maxi-zoo
2026-09-10,Fielmann,6.0,%,,not_found,False,,not_found,4.0,up_to_%,4.0,%,alerabat,4.0,-2.0,OK,10.38,8.0,62.71,783.99,6.0,52.339999999999996,OPTIMISE,NONE,True,,,https://alerabat.com/kody-promocyjne/fielmann,https://goodie.pl/marka/fielmann
2026-09-10,Under Armour,6.0,%,2.5,%,False,,not_found,4.0,up_to_%,3.0,%,alerabat,4.0,-2.0,OK,0.0,6.0,5.48,91.28,1.0,5.48,OPTIMISE,NONE,True,https://letyshops.com/pl/shops/under-armour-pl,,https://alerabat.com/kody-promocyjne/under-armour,https://goodie.pl/marka/under-armour
2026-09-10,Ucando,4.0,%,2.0,%,False,,not_found,2.0,up_to_%,2.0,%,letyshops,2.0,-2.0,OK,0.0,4.0,17.61,440.31,3.0,17.61,OPTIMISE,NONE,True,https://letyshops.com/pl/shops/ucando,,https://alerabat.com/kody-promocyjne/ucando-pl,https://goodie.pl/marka/ucando-pl
2026-09-10,Stradivarius,5.0,%,3.0,%,False,,not_found,3.0,up_to_%,2.5,%,letyshops,3.0,-2.0,OK,,,,,,,OPTIMISE,NONE,True,https://letyshops.com/pl/shops/stradivarius-pl,,https://alerabat.com/kod-promocyjny/stradivarius,https://goodie.pl/marka/stradivarius
2026-09-10,Vision Express,6.3,%,4.2,%,False,,not_found,3.0,up_to_%,4.25,%,goodie,4.25,-2.05,OK,-2.04,8.4,16.91,317.2,8.0,18.94,ACT NOW,DOWN,True,https://letyshops.com/pl/shops/vision-express-pl,,https://alerabat.com/kod-promocyjny/vision-express,https://goodie.pl/marka/vision-express
2026-09-10,Abra,4.2,%,,not_found,False,1.5,up_to_%,,not_found,2.1,%,goodie,2.1,-2.1,OK,52.89,4.2,1169.6399999999999,27848.71,11.0,1116.75,OPTIMISE,NONE,True,,https://www.picodi.com/pl/abra/offers,,https://goodie.pl/marka/abra
2026-09-10,Groupon,5.6,%,3.5,%,False,,not_found,3.5,up_to_%,3.0,up_to_%,letyshops,3.5,-2.1,OK,-40.69,2.9,120.13,3411.27,33.0,160.82,ACT NOW,DOWN,True,https://letyshops.com/pl/shops/groupon-pl,,https://alerabat.com/kod-promocyjny/groupon,https://goodie.pl/marka/groupon-pl
2026-09-10,NAOKO,5.0,%,2.8,%,False,,not_found,2.8,up_to_%,2.8,%,letyshops,2.8,-2.2,OK,,,,,,,OPTIMISE,NONE,True,https://letyshops.com/pl/shops/naoko-pl,,https://alerabat.com/kody-promocyjne/na-oko,https://goodie.pl/marka/naoko
2026-09-10,Sun & Snow,4.5,%,2.25,%,False,,not_found,2.25,up_to_%,2.25,%,letyshops,2.25,-2.25,OK,30.93,7.0,86.61,1237.22,2.0,55.669999999999995,OPTIMISE,NONE,True,https://letyshops.com/pl/shops/sun-snow-pl,,https://alerabat.com/kody-promocyjne/sunandsnow,https://goodie.pl/marka/sunsnow
2026-09-10,Colorland,8.0,%,,no cashback,False,1.1,up_to_%,1.75,up_to_%,5.75,%,goodie,5.75,-2.25,OK,-9.23,3.5,11.73,179.07999999999998,5.0,16.04,ACT NOW,DOWN,True,,https://www.picodi.com/pl/colorland/offers,https://alerabat.com/kody-promocyjne/colorland,https://goodie.pl/marka/colorland
2026-09-10,Banggood,10.0,%,6.5,%,False,4.7,up_to_%,6.5,up_to_%,7.75,up_to_%,goodie,7.75,-2.25,OK,0.25,6.0,2.34,38.94,2.0,2.08,OPTIMISE,NONE,True,https://letyshops.com/pl/shops/banggood,https://www.picodi.com/pl/banggood-com/offers,https://alerabat.com/kod-promocyjny/banggood-com,https://goodie.pl/marka/banggood
2026-09-10,Lacoste,8.0,%,5.0,%,False,,not_found,4.0,up_to_%,5.6,%,goodie,5.6,-2.4,OK,0.13,8.0,15.79,197.35,1.0,15.66,OPTIMISE,NONE,True,https://letyshops.com/pl/shops/lacoste-pl,,https://alerabat.com/kody-promocyjne/lacoste,https://goodie.pl/marka/lacoste
2026-09-10,Levi's,5.0,%,,no cashback,False,,not_found,2.5,up_to_%,,not_found,alerabat,2.5,-2.5,OK,,,,,,,OPTIMISE,NONE,True,,,https://alerabat.com/kody-promocyjne/levis,
2026-09-10,Yope,7.0,%,4.5,%,False,,not_found,4.5,up_to_%,4.5,%,letyshops,4.5,-2.5,OK,,,,,,,OPTIMISE,NONE,True,https://letyshops.com/pl/shops/yope-pl,,https://alerabat.com/kody-promocyjne/yope,https://goodie.pl/marka/yope
2026-09-10,Kinguin,10.0,%,,not_found,False,,not_found,5.0,up_to_%,7.5,up_to_%,goodie,7.5,-2.5,OK,-54.99,5.0,29.419999999999998,1297.07,84.0,84.4,ACT NOW,DOWN,True,,,https://alerabat.com/kody-promocyjne/kinguin-net,https://goodie.pl/marka/kinguin
2026-09-10,Yves Rocher,5.0,%,2.5,%,False,,not_found,2.5,up_to_%,2.5,%,letyshops,2.5,-2.5,OK,0.0,5.0,5.01,100.28999999999999,2.0,5.01,OPTIMISE,NONE,True,https://letyshops.com/pl/shops/yves-rocher-pl,,https://alerabat.com/kod-promocyjny/yves-rocher,https://goodie.pl/marka/yves-rocher
2026-09-10,Van Graaf,7.0,%,4.5,%,False,,not_found,4.5,up_to_%,,no cashback,letyshops,4.5,-2.5,OK,360.08000000000004,9.0,818.65,8937.45,6.0,458.57,OPTIMISE,NONE,True,https://letyshops.com/pl/shops/van-graaf-pl,,https://alerabat.com/kody-promocyjne/van-graaf,https://goodie.pl/marka/van-graaf
2026-09-10,e-torty,10.0,%,7.5,%,False,,not_found,7.5,up_to_%,7.5,%,letyshops,7.5,-2.5,OK,4.6,15.0,18.16,121.11,4.0,7.35,OPTIMISE,NONE,True,https://letyshops.com/pl/shops/e-torty-pl,,https://alerabat.com/kody-promocyjne/e-torty-pl,https://goodie.pl/marka/e-torty-pl
2026-09-10,Euroflorist,10.0,%,7.5,%,False,,not_found,6.0,up_to_%,6.0,%,letyshops,7.5,-2.5,OK,-0.4099999999999999,12.0,9.76,81.35,3.0,10.17,ACT NOW,DOWN,True,https://letyshops.com/pl/shops/euroflorist-pl,,https://alerabat.com/kod-promocyjny/euroflorist,https://goodie.pl/marka/euroflorist
2026-09-10,ESET,8.5,%,6.0,%,False,,not_found,5.5,up_to_%,5.5,%,letyshops,6.0,-2.5,OK,6.83,10.0,14.530000000000001,145.3,2.0,0.01,OPTIMISE,NONE,True,https://letyshops.com/pl/shops/eset-pl,,https://alerabat.com/kody-promocyjne/eset,https://goodie.pl/marka/eset-pl
2026-09-10,New Balance,5.0,%,2.5,%,False,,not_found,2.5,up_to_%,2.5,up_to_%,letyshops,2.5,-2.5,OK,-22.900000000000002,5.0,51.45,1094.78,12.0,58.64,ACT NOW,DOWN,True,https://letyshops.com/pl/shops/new-balance-pl,,https://alerabat.com/kody-promocyjne/new-balance,https://goodie.pl/marka/new-balance
2026-09-10,Mango Outlet,3.0,%,,not_found,False,,not_found,0.5,up_to_%,,not_found,alerabat,0.5,-2.5,OK,3.84,4.0,120.26,1819.83,20.0,116.43,OPTIMISE,NONE,True,,,https://alerabat.com/kody-promocyjne/mango-outlet,
2026-09-10,Ecco,5.0,%,,no cashback,False,,not_found,2.5,up_to_%,2.5,up_to_%,alerabat,2.5,-2.5,OK,,,,,,,OPTIMISE,NONE,True,,,https://alerabat.com/kody-promocyjne/ecco,https://goodie.pl/marka/ecco
2026-09-10,JD Sports,5.0,%,2.5,%,False,,not_found,2.5,up_to_%,2.5,%,letyshops,2.5,-2.5,OK,-3.1399999999999997,2.0,22.869999999999997,523.33,7.0,26.01,ACT NOW,DOWN,True,https://letyshops.com/pl/shops/jd-sports-pl,,https://alerabat.com/kody-promocyjne/jd-sports,https://goodie.pl/marka/jdsports
2026-09-10,Eveline,6.0,%,3.5,%,False,,not_found,,not_found,,not_found,letyshops,3.5,-2.5,OK,-1.5499999999999998,14.0,512.6,7275.92,16.0,512.08,ACT NOW,DOWN,True,https://letyshops.com/pl/shops/eveline-pl,,,
2026-09-10,Loaded,5.0,%,2.5,%,False,,not_found,2.5,up_to_%,,not_found,letyshops,2.5,-2.5,OK,,,,,,,OPTIMISE,NONE,True,https://letyshops.com/pl/shops/cdkeys,,https://alerabat.com/kody-promocyjne/loaded,
2026-09-10,GetYourGuide,4.0,%,1.15,%,False,,not_found,1.15,up_to_%,1.15,%,letyshops,1.15,-2.85,OK,36.97,5.0,168.94,3378.76,27.0,131.98,OPTIMISE,NONE,True,https://letyshops.com/pl/shops/getyourguide-pl,,https://alerabat.com/kody-promocyjne/getyourguide,https://goodie.pl/marka/getyourguide-pl
2026-09-10,Sephora,7.5,%,4.5,%,False,3.3,up_to_%,3.0,up_to_%,4.5,up_to_%,letyshops,4.5,-3.0,OK,-11.14,7.5,81.36,1828.02,27.0,92.53,ACT NOW,DOWN,True,https://letyshops.com/pl-en/shops/sephora-pl,https://www.picodi.com/pl/sephora/offers,https://alerabat.com/kod-promocyjny/sephora,https://goodie.pl/marka/sephora
2026-09-10,Kenwood,6.0,%,3.0,%,False,,not_found,3.0,up_to_%,,no cashback,letyshops,3.0,-3.0,OK,0.09,6.0,13.73,228.76,1.0,13.64,OPTIMISE,NONE,True,https://letyshops.com/pl/shops/kenwood-pl,,https://alerabat.com/kody-promocyjne/kenwood,https://goodie.pl/marka/kenwood
2026-09-10,Drogeria.pl,7.0,%,4.0,%,False,,not_found,,not_found,2.25,%,letyshops,4.0,-3.0,OK,,,,,,,OPTIMISE,NONE,True,https://letyshops.com/pl/shops/drogeria-pl,,,https://goodie.pl/marka/drogeria-pl
2026-09-10,DeLonghi,6.0,%,3.0,%,False,,not_found,3.0,up_to_%,3.0,%,letyshops,3.0,-3.0,OK,3.2399999999999998,6.0,140.24,2337.3199999999997,7.0,137.0,OPTIMISE,NONE,True,https://letyshops.com/pl/shops/delonghi-pl,,https://alerabat.com/kody-promocyjne/delonghi,https://goodie.pl/marka/delonghi
2026-09-10,Petkarma,8.0,%,,not_found,False,,not_found,5.0,up_to_%,,no cashback,alerabat,5.0,-3.0,OK,0.0,5.0,73.48,1469.5300000000002,2.0,73.48,OPTIMISE,NONE,True,,,https://alerabat.com/kody-promocyjne/petkarma-pl,https://goodie.pl/marka/petkarma-pl
2026-09-10,Marilyn,6.0,%,,not_found,False,,not_found,3.0,up_to_%,3.0,%,alerabat,3.0,-3.0,OK,0.0,6.0,80.10000000000001,1334.86,3.0,80.10000000000001,OPTIMISE,NONE,True,,,https://alerabat.com/kody-promocyjne/e-marilyn-pl,https://goodie.pl/marka/marilyn
2026-09-10,Airalo,9.0,%,,not_found,False,3.5,up_to_%,5.76,up_to_%,5.0,%,alerabat,5.76,-3.24,OK,,,,,,,OPTIMISE,NONE,True,,https://www.picodi.com/pl/airalo/offers,https://alerabat.com/kody-promocyjne/airalo,https://goodie.pl/marka/airalo
2026-09-10,Desigual,7.7,%,3.8,%,False,,not_found,4.36,up_to_%,3.85,%,alerabat,4.36,-3.34,OK,-0.02,7.7,6.45,84.03,2.0,6.47,ACT NOW,DOWN,True,https://letyshops.com/pl/shops/desigual-pl,,https://alerabat.com/kod-promocyjny/desigual,https://goodie.pl/marka/desigual
2026-09-10,Philips Hue,7.0,%,3.5,%,False,,not_found,3.5,up_to_%,3.5,%,letyshops,3.5,-3.5,OK,,,,,,,OPTIMISE,NONE,True,https://letyshops.com/pl/shops/philips-hue-pl,,https://alerabat.com/kody-promocyjne/philips-hue,https://goodie.pl/marka/philips-hue
2026-09-10,NEONAIL,7.0,%,3.5,%,False,,not_found,3.5,up_to_%,3.5,%,letyshops,3.5,-3.5,OK,0.0,7.0,1.34,19.15,1.0,1.34,OPTIMISE,NONE,True,https://letyshops.com/pl/shops/neonail,,https://alerabat.com/kody-promocyjne/neo-nail,https://goodie.pl/marka/neonail
2026-09-10,Estro,7.0,%,3.5,%,False,,not_found,3.5,up_to_%,3.5,%,letyshops,3.5,-3.5,OK,0.0,7.0,41.3,590.05,2.0,36.28,OPTIMISE,NONE,True,https://letyshops.com/pl/shops/estro-pl,,https://alerabat.com/kody-promocyjne/estro,https://goodie.pl/marka/estro
2026-09-10,HP,7.0,%,3.5,%,False,,not_found,3.5,up_to_%,,not_found,letyshops,3.5,-3.5,OK,0.0,7.0,2.58,36.9,1.0,2.58,OPTIMISE,NONE,True,https://letyshops.com/pl/shops/hp-pl,,https://alerabat.com/kody-promocyjne/hp,
2026-09-10,Regatta,8.0,%,4.0,%,False,,not_found,2.5,up_to_%,2.5,up_to_%,letyshops,4.0,-4.0,OK,-3.6899999999999995,5.0,525.1899999999999,5350.75,14.0,528.88,ACT NOW,DOWN,True,https://letyshops.com/pl/shops/regatta-pl,,https://alerabat.com/kody-promocyjne/regatta,https://goodie.pl/marka/regatta
2026-09-10,Puma,6.0,%,,no cashback,False,,not_found,1.0,up_to_%,2.0,up_to_%,goodie,2.0,-4.0,OK,0.0,6.0,328.08,5497.76,7.0,328.08,OPTIMISE,NONE,True,,,https://alerabat.com/kody-promocyjne/puma,https://goodie.pl/marka/puma
2026-09-10,Lampy.pl,8.0,%,4.0,%,False,,not_found,4.0,up_to_%,4.0,up_to_%,letyshops,4.0,-4.0,OK,-2.24,5.0,222.1,2859.2599999999998,5.0,217.0,ACT NOW,DOWN,True,https://letyshops.com/pl/shops/lampy-pl,,https://alerabat.com/kod-promocyjny/lampy-pl,https://goodie.pl/marka/lampy-pl
2026-09-10,Pan Materac,8.0,%,4.0,%,False,,not_found,4.0,up_to_%,4.0,%,letyshops,4.0,-4.0,OK,-4.98,8.0,2758.2599999999998,34478.06,15.0,2763.24,ACT NOW,DOWN,True,https://letyshops.com/pl/shops/pan-materac,,https://alerabat.com/kody-promocyjne/pan-materac,https://goodie.pl/marka/pan-materac
2026-09-10,Douglas,8.0,%,4.0,%,False,3.0,up_to_%,4.0,up_to_%,4.0,up_to_%,letyshops,4.0,-4.0,OK,-24.98,5.6,146.06,1776.15,28.0,171.04,ACT NOW,DOWN,True,https://letyshops.com/pl/shops/douglas,https://www.picodi.com/pl/douglas/offers,https://alerabat.com/kod-promocyjny/douglas-pl,https://goodie.pl/marka/douglas
2026-09-10,Skechers,8.5,%,,not_found,False,,not_found,4.25,up_to_%,,no cashback,alerabat,4.25,-4.25,OK,-4.75,5.0,2.38,47.5,1.0,7.12,ACT NOW,DOWN,True,,,https://alerabat.com/kody-promocyjne/skechers,https://goodie.pl/marka/skechers
2026-09-10,Dstreet,9.0,%,4.5,%,False,,not_found,4.5,up_to_%,4.5,%,letyshops,4.5,-4.5,OK,0.0,9.0,749.16,8324.13,16.0,743.22,OPTIMISE,NONE,True,https://letyshops.com/pl/shops/dstreet,,https://alerabat.com/kody-promocyjne/dstreet-pl,https://goodie.pl/marka/dstreet
2026-09-10,Endo,9.0,%,,no cashback,False,,not_found,4.5,up_to_%,4.5,%,alerabat,4.5,-4.5,OK,0.0,9.0,109.91,1221.22,2.0,109.91,OPTIMISE,NONE,True,,,https://alerabat.com/kod-rabatowy/endo,https://goodie.pl/marka/endo
2026-09-10,Zegarownia,5.0,%,,no cashback,False,,not_found,0.5,up_to_%,,no cashback,alerabat,0.5,-4.5,OK,,,,,,,OPTIMISE,NONE,True,,,https://alerabat.com/kody-promocyjne/zegarownia,https://goodie.pl/marka/zegarownia
2026-09-10,AXA Partners,15.0,%,,not_found,False,6.0,up_to_%,10.0,up_to_%,10.0,%,alerabat,10.0,-5.0,OK,63.56,20.0,172.18999999999997,860.9499999999999,6.0,93.9,OPTIMISE,NONE,True,,https://www.picodi.com/pl/axa-assistance/offers,https://alerabat.com/kody-promocyjne/axa-partners,https://goodie.pl/marka/axa-partners
2026-09-10,MyProtein,10.0,%,3.0,%,False,,not_found,5.0,up_to_%,4.0,%,alerabat,5.0,-5.0,OK,,,,,,,OPTIMISE,NONE,True,https://letyshops.com/pl/shops/myprotein-pl,,https://alerabat.com/kod-promocyjny/myprotein,https://goodie.pl/marka/myprotein
2026-09-10,Wrangler,10.0,%,5.0,%,False,,not_found,5.0,up_to_%,5.0,%,letyshops,5.0,-5.0,OK,,,,,,,OPTIMISE,NONE,True,https://letyshops.com/pl/shops/wrangler-pl,,https://alerabat.com/kody-promocyjne/wrangler,https://goodie.pl/marka/wrangler
2026-09-10,Lounge by Zalando,11.0,%,6.0,%,False,3.6,up_to_%,6.0,up_to_%,3.0,up_to_%,letyshops,6.0,-5.0,OK,236.39,5.8,1360.43,32488.76,439.0,1124.02,OPTIMISE,NONE,True,https://letyshops.com/pl-en/shops/zalando-lounge-pl,https://www.picodi.com/pl/zalando-lounge/offers,https://alerabat.com/kody-promocyjne/lounge-by-zalando,https://goodie.pl/marka/lounge-by-zalando
2026-09-10,Empik Foto,10.0,%,5.0,%,False,,not_found,5.0,up_to_%,5.0,up_to_%,letyshops,5.0,-5.0,OK,,,,,,,OPTIMISE,NONE,True,https://letyshops.com/pl/shops/empikfoto-pl,,https://alerabat.com/kod-promocyjny/empikfoto-pl,https://goodie.pl/marka/empik-foto
2026-09-10,Sony.pl,8.0,%,2.5,%,False,,not_found,1.5,up_to_%,1.5,up_to_%,letyshops,2.5,-5.5,OK,,,,,,,OPTIMISE,NONE,True,https://letyshops.com/pl/shops/sony-pl,,https://alerabat.com/kod-promocyjny/sony-pl,https://goodie.pl/marka/sony-pl
2026-09-10,Alibaba,8.4,%,,no cashback,False,2.5,up_to_%,2.8,up_to_%,2.8,up_to_%,alerabat,2.8,-5.6,OK,3.07,2.1,104.4,1917.9499999999998,10.0,101.33,OPTIMISE,NONE,True,,https://www.picodi.com/pl/alibaba/offers,https://alerabat.com/kody-promocyjne/alibaba-com,https://goodie.pl/marka/alibaba-pl
2026-09-10,Legimi,15.0,%,7.5,%,False,,not_found,7.5,up_to_%,9.2,up_to_%,goodie,9.2,-5.8,OK,0.0,141.1,1946.62,421.99,761.0,1946.62,OPTIMISE,NONE,True,https://letyshops.com/pl/shops/legimi-pl,,https://alerabat.com/kody-promocyjne/legimi,https://goodie.pl/marka/legimi
2026-09-10,SHEIN,13.5,%,5.0,%,False,4.5,up_to_%,7.5,up_to_%,7.5,up_to_%,alerabat,7.5,-6.0,OK,-72.10999999999999,3.5,337.76,8289.42,266.0,409.85999999999996,ACT NOW,DOWN,True,https://letyshops.com/pl/shops/shein-pl,https://www.picodi.com/pl/shein/offers,https://alerabat.com/kody-promocyjne/shein,https://goodie.pl/marka/shein
2026-09-10,H&M,8.0,%,1.5,%,False,,not_found,1.0,up_to_%,,no cashback,letyshops,1.5,-6.5,OK,,,,,,,OPTIMISE,NONE,True,https://letyshops.com/pl-en/shops/h-m-pl,,https://alerabat.com/kody-promocyjne/h-m,https://goodie.pl/marka/hm
2026-09-10,Parfumdreams,12.0,%,,no cashback,False,,not_found,,no cashback,5.0,up_to_%,goodie,5.0,-7.0,OK,0.0,5.0,9.92,198.33999999999997,2.0,9.92,OPTIMISE,NONE,True,,,https://alerabat.com/kody-promocyjne/parfumdreams,https://goodie.pl/marka/parfumdreams
2026-09-10,AirHelp,20.0,%,7.5,%,False,4.5,up_to_%,12.5,up_to_%,10.0,up_to_%,alerabat,12.5,-7.5,OK,-9.67,20.0,19.33,96.66,1.0,29.0,ACT NOW,DOWN,True,https://letyshops.com/pl/shops/airhelp,https://www.picodi.com/pl/air-help/offers,https://alerabat.com/kody-promocyjne/air-help,https://goodie.pl/marka/airhelp
2026-09-10,NordVPN,30.0,%,20.0,%,False,,not_found,21.97,up_to_%,20.0,%,alerabat,21.97,-8.03,OK,0.0,40.0,49.09,122.72,2.0,49.09,OPTIMISE,NONE,True,https://letyshops.com/pl/shops/nord-vpn,,https://alerabat.com/kody-promocyjne/nordvpn,https://goodie.pl/marka/nordvpn
2026-09-10,Byrokko,15.0,%,4.0,%,False,2.4,up_to_%,4.5,up_to_%,6.5,up_to_%,goodie,6.5,-8.5,OK,32.11,20.0,50.019999999999996,293.93,3.0,9.64,OPTIMISE,NONE,True,https://letyshops.com/pl/shops/byrokko,https://www.picodi.com/pl/byrokko/offers,https://alerabat.com/kody-promocyjne/byrokko,https://goodie.pl/marka/byrokko
2026-09-10,Temu,40.0,%,5.5,%,False,20.7,up_to_%,30.0,up_to_%,16.0,up_to_%,alerabat,30.0,-10.0,OK,1550.93,12.3,14078.6,91794.52,4492.0,12527.67,OPTIMISE,NONE,True,https://letyshops.com/pl/shops/temu,https://www.picodi.com/pl/temu/offers,https://alerabat.com/kody-promocyjne/temu,https://goodie.pl/marka/temu
2026-09-10,Proton VPN,70.0,%,,not_found,False,,not_found,40.0,up_to_%,,not_found,alerabat,40.0,-30.0,OK,0.24,0.0,1.92,0.0,1.0,1.68,OPTIMISE,NONE,True,,,https://alerabat.com/kody-promocyjne/proton-vpn,
2026-09-10,LycaMobile,42.0,%,,no cashback,False,,not_found,10.0,up_to_%,10.0,%,alerabat,10.0,-32.0,OK,,,,,,,OPTIMISE,NONE,True,,,https://alerabat.com/kody-promocyjne/lyca-mobile,https://goodie.pl/marka/lycamobile
2026-09-10,Bank Pekao,5.0,%,,not_found,False,,not_found,,not_found,,not_found,,,,OK,,,,,,,NO DATA,NONE,False,,,,
2026-09-10,Bricoman,6.0,%,,no cashback,False,,zł,,no cashback,,no cashback,,,,OK,,,,,,,NO DATA,NONE,False,,https://www.picodi.com/pl/bricoman/offers,https://alerabat.com/kody-promocyjne/bricoman-pl,https://goodie.pl/marka/bricoman
2026-09-10,Canal Plus,5.0,%,,no cashback,False,,zł,,not_found,,not_found,,,,OK,,,,,,,NO DATA,NONE,False,,https://www.picodi.com/pl/nc/offers,,
2026-09-10,Dedoles,5.0,%,,not_found,False,,not_found,,no cashback,,not_found,,,,OK,0.0,8.0,1.19,14.87,2.0,1.19,OPTIMISE,NONE,False,,,https://alerabat.com/kody-promocyjne/dedoles,
2026-09-10,Footdistrict,8.0,%,,not_found,False,,not_found,,not_found,,not_found,,,,OK,,,,,,,NO DATA,NONE,False,,,,
2026-09-10,Gunfire,5.0,%,,no cashback,False,,not_found,,no cashback,,not_found,,,,OK,,,,,,,NO DATA,NONE,False,,,https://alerabat.com/kody-promocyjne/gunfire,
2026-09-10,IKEA,5.0,%,,no cashback,False,,not_found,,no cashback,,no cashback,,,,OK,,,,,,,NO DATA,NONE,False,,,https://alerabat.com/kody-promocyjne/ikea,https://goodie.pl/marka/ikea
2026-09-10,Justjoinit,3.0,%,,not_found,False,,not_found,,no cashback,,not_found,,,,OK,,,,,,,NO DATA,NONE,False,,,https://alerabat.com/kody-promocyjne/justjoin-it,
2026-09-10,Konesso,,no cashback,,no cashback,False,,not_found,5.0,up_to_%,,no cashback,alerabat,5.0,,OK,-24.389999999999997,4.1,111.19,3662.46,8.0,135.59,NO DATA,NONE,False,,,https://alerabat.com/kody-promocyjne/konesso-pl,https://goodie.pl/marka/konesso
2026-09-10,MyHeritage DNA,4.0,%,,not_found,False,,not_found,,not_found,,not_found,,,,OK,,,,,,,NO DATA,NONE,False,,,,
2026-09-10,PWN,2.7,%,,not_found,False,,not_found,,not_found,,not_found,,,,OK,,,,,,,NO DATA,NONE,False,,,,
2026-09-10,Recman,5.0,%,,no cashback,False,,not_found,,not_found,,no cashback,,,,OK,,,,,,,NO DATA,NONE,False,,,,https://goodie.pl/marka/recman
2026-09-10,Sinsay,,no cashback,5.0,%,False,,not_found,5.0,up_to_%,5.0,%,letyshops,5.0,,OK,17.04,10.0,205.69000000000003,2064.92,75.0,188.64999999999998,NO DATA,NONE,False,https://letyshops.com/pl-en/shops/sinsay-pl,,https://alerabat.com/kod-promocyjny/sinsay,https://goodie.pl/marka/sinsay
2026-09-10,TestDNA,5.0,%,,not_found,False,,not_found,,no cashback,,not_found,,,,OK,,,,,,,NO DATA,NONE,False,,,https://alerabat.com/kody-promocyjne/testdna,
2026-09-10,Unisono,3.0,%,,not_found,False,,not_found,,no cashback,,no cashback,,,,OK,,,,,,,NO DATA,NONE,False,,,https://alerabat.com/kod-promocyjny/unisono,https://goodie.pl/marka/unisono
2026-09-10,Vans,4.0,%,,no cashback,False,,not_found,,no cashback,,no cashback,,,,OK,,,,,,,NO DATA,NONE,False,,,https://alerabat.com/kody-promocyjne/vans,https://goodie.pl/marka/vans
2026-09-10,Vasco Electronics,5.0,%,,no cashback,False,,not_found,,no cashback,,no cashback,,,,OK,0.0,4.0,22.49,562.3,1.0,0.0,OPTIMISE,NONE,False,,,https://alerabat.com/kody-promocyjne/vasco-electronics,https://goodie.pl/marka/vasco-electronics
2026-09-10,Orange Flex,,no cashback,,not_found,False,,not_found,5.0,up_to_%,,no cashback,alerabat,5.0,,OK,,,,,,,NO DATA,NONE,False,,,https://alerabat.com/kody-promocyjne/orange-flex,https://goodie.pl/marka/orange-flex
2026-09-10,Your KAYA,,no cashback,,no cashback,False,,not_found,5.0,up_to_%,,no cashback,alerabat,5.0,,OK,0.61,7.0,7.3100000000000005,104.36,2.0,6.7,NO DATA,NONE,False,,,https://alerabat.com/kody-promocyjne/your-kaya,https://goodie.pl/marka/yourkaya
2026-09-10,Airbnb,,no cashback,,not_found,False,,not_found,,no cashback,,not_found,,,,OK,,,,,,,NO DATA,NONE,False,,,https://alerabat.com/kod-promocyjny/airbnb-com,
2026-09-10,Carinii,,no cashback,,no cashback,False,,not_found,5.0,up_to_%,,no cashback,alerabat,5.0,,OK,,,,,,,NO DATA,NONE,False,,,https://alerabat.com/kody-promocyjne/carinii,https://goodie.pl/marka/carinii
2026-09-10,Duka,,no cashback,,no cashback,False,,not_found,,no cashback,,no cashback,,,,OK,,,,,,,NO DATA,NONE,False,,,https://alerabat.com/kody-promocyjne/duka,https://goodie.pl/marka/duka
2026-09-10,Kaufland,,no cashback,,not_found,False,,not_found,5.0,up_to_%,,no cashback,alerabat,5.0,,OK,,,,,,,NO DATA,NONE,False,,,https://alerabat.com/kody-promocyjne/kaufland,https://goodie.pl/marka/kaufland
2026-09-10,Kolba,,no cashback,,no cashback,False,,not_found,,no cashback,,no cashback,,,,OK,,,,,,,NO DATA,NONE,False,,,https://alerabat.com/kod-promocyjny/kolba-pl,https://goodie.pl/marka/kolba-pl
2026-09-10,KROSS,,no cashback,,not_found,False,,not_found,,no cashback,,no cashback,,,,OK,,,,,,,NO DATA,NONE,False,,,https://alerabat.com/kody-promocyjne/kross,https://goodie.pl/marka/kross
2026-09-10,Mango,,no cashback,,no cashback,False,,not_found,,no cashback,,no cashback,,,,OK,,,,,,,NO DATA,NONE,False,,,https://alerabat.com/kody-promocyjne/mango,https://goodie.pl/marka/mango
2026-09-10,Nintendo eShop,,no cashback,,not_found,False,,not_found,,no cashback,,not_found,,,,OK,,,,,,,NO DATA,NONE,False,,,https://alerabat.com/kody-promocyjne/nintendo-eshop,
2026-09-10,OnePlus,0.84,%,,no cashback,False,,not_found,,no cashback,,no cashback,,,,OK,,,,,,,NO DATA,NONE,False,,,https://alerabat.com/kody-promocyjne/oneplus,https://goodie.pl/marka/oneplus
2026-09-10,Sportofino,,no cashback,2.1,%,False,,not_found,,no cashback,2.1,%,letyshops,2.1,,OK,,,,,,,NO DATA,NONE,False,https://letyshops.com/pl/shops/sportofino-pl,,https://alerabat.com/kody-promocyjne/sportofino,https://goodie.pl/marka/sportofino
2026-09-10,Spotify,,no cashback,,not_found,False,,not_found,,no cashback,,no cashback,,,,OK,,,,,,,NO DATA,NONE,False,,,https://alerabat.com/kody-promocyjne/spotify,https://goodie.pl/marka/spotify
2026-09-10,Ticketmaster,,no cashback,,no cashback,False,,not_found,,no cashback,,no cashback,,,,OK,,,,,,,NO DATA,NONE,False,,,https://alerabat.com/kody-promocyjne/ticketmaster,https://goodie.pl/marka/ticketmaster-pl
2026-09-10,Tołpa,,no cashback,,no cashback,False,,not_found,1.5,up_to_%,,no cashback,alerabat,1.5,,OK,,,,,,,NO DATA,NONE,False,,,https://alerabat.com/kod-promocyjny/tolpa,https://goodie.pl/marka/tolpa
2026-09-10,Top Hi Fi,,no cashback,,no cashback,False,,not_found,,no cashback,,no cashback,,,,OK,,,,,,,NO DATA,NONE,False,,,https://alerabat.com/kody-promocyjne/tophifi,https://goodie.pl/marka/tophifi-pl
2026-09-10,YES,,no cashback,,not_found,False,,not_found,,no cashback,,no cashback,,,,OK,,,,,,,NO DATA,NONE,False,,,https://alerabat.com/kody-promocyjne/yes,https://goodie.pl/marka/yes
