date,retailer,igraal_rate,cashback_type,letyshops_rate,letyshops_rate_type,letyshops_boosted,picodi_rate,picodi_rate_type,alerabat_rate,alerabat_rate_type,goodie_rate,goodie_rate_type,best_competitor,best_competitor_rate,delta,alert,margin_eur,cpa_in,revenue,gmv,transactions,cb_total,status,action_direction,is_best_rate,letyshops_url,picodi_url,alerabat_url,goodie_url,affiliate_network,quality,category,category_group,is_merchant_active,is_merchant_monetized,avg_cpa_in,avg_margin_eur,avg_revenue_eur,avg_gmv_eur,avg_cb_total_eur,total_transactions,months_with_data,margin_alert
2026-10-08,DHgate,2.0,%,25.0,%,False,,not_found,1.5,up_to_%,1.75,%,letyshops,25.0,23.0,LOWER,,,,,,,ACT NOW,UP,False,https://letyshops.com/pl/shops/dhgate,,https://alerabat.com/kody-promocyjne/dhgate,https://goodie.pl/marka/dhgate,Commission Junction,B,Electronics,Technology,True,True,2.0,0.0,0.23,11.5,0.23,1.0,1.0,False
2026-10-08,AliExpress,1.0,%,5.0,%,False,20.7,up_to_%,5.0,up_to_%,4.5,up_to_%,picodi,20.7,19.7,LOWER,-2236.4199999999996,5.9,10893.29,217865.56,16685.0,13129.71,REVIEW,UP,False,https://letyshops.com/pl/shops/aliexpress,https://www.picodi.com/pl/aliexpress/offers,https://alerabat.com/kod-rabatowy/aliexpress,https://goodie.pl/marka/aliexpress,AWIN,AAA,Multi-Departments,Multi-Category,True,True,5.14,-124.25,605.18,12103.64,729.43,16685.0,18.0,True
2026-10-08,Empik,6.0,%,6.25,%,False,15.0,up_to_%,6.25,up_to_%,7.5,up_to_%,picodi,15.0,9.0,LOWER,-2503.16,2.9,706.48,41389.66,501.0,3209.64,REVIEW,UP,False,https://letyshops.com/pl/shops/empik-pl,https://www.picodi.com/pl/empik/offers,https://alerabat.com/kod-promocyjny/empik-com,https://goodie.pl/marka/empik,Tradedoubler,AAA,Multi-Departments,Multi-Category,True,True,2.21,-166.88,47.1,2759.31,213.98,501.0,15.0,True
2026-10-08,Sferis,1.6,%,7.5,%,False,,not_found,7.5,up_to_%,7.5,up_to_%,letyshops,7.5,5.9,LOWER,5.3699999999999966,1.7,275.49,14923.84,15.0,270.12,ACT NOW,UP,False,https://letyshops.com/pl/shops/sferis-pl,,https://alerabat.com/kod-promocyjny/sferis,https://goodie.pl/marka/sferis,Tradedoubler,A+,Electronics,Technology,True,True,1.82,0.67,34.44,1865.48,33.76,15.0,8.0,False
2026-10-08,RTV Euro AGD,3.0,%,3.5,%,False,1.8,up_to_%,3.0,up_to_%,7.0,up_to_%,goodie,7.0,4.0,LOWER,-518.79,1.8,2086.15,107389.28,249.0,2604.94,REVIEW,UP,False,https://letyshops.com/pl/shops/rtv-euro-agd,https://www.picodi.com/pl/rtveuroagd/offers,https://alerabat.com/kod-promocyjny/rtv-euro-agd,https://goodie.pl/marka/rtv-euro-agd,Tradedoubler,AAA,Electronics,Technology,True,True,2.25,-39.91,160.47,8260.71,200.38,249.0,13.0,True
2026-10-08,OleOle!,1.0,%,1.0,%,False,,not_found,5.0,up_to_%,2.0,up_to_%,alerabat,5.0,4.0,LOWER,716.77,2.0,1771.56,82862.06,28.0,1054.79,ACT NOW,UP,False,https://letyshops.com/pl/shops/oleole-pl,,https://alerabat.com/kod-promocyjny/oleole-pl,https://goodie.pl/marka/oleole,Tradedoubler,A,Electronics,Technology,True,True,2.17,71.68,177.16,8286.21,105.48,28.0,10.0,False
2026-10-08,Audioteka,2.5,%,,not_found,False,2.1,%,3.5,up_to_%,6.0,up_to_%,goodie,6.0,3.5,LOWER,,,,,,,ACT NOW,UP,False,,https://www.picodi.com/pl/audioteka-pl/offers,https://alerabat.com/kody-promocyjne/audioteka-pl,https://goodie.pl/marka/audioteka,,,,,,,,,,,,,,
2026-10-08,Orange,2.11,%,2.5,%,False,,not_found,5.0,up_to_%,1.06,up_to_%,alerabat,5.0,2.89,LOWER,12.99,26076.1,1179.49,122.64,23.0,1166.5,ACT NOW,UP,False,https://letyshops.com/pl/shops/orange-pl,,https://alerabat.com/kod-promocyjny/orange,https://goodie.pl/marka/orange,Tradedoubler,A+,Connectivity - Telco,Services,True,True,22179.93,1.86,168.5,17.52,166.64,23.0,7.0,False
2026-10-08,LEGO,3.0,%,,no cashback,False,,not_found,5.0,up_to_%,3.5,up_to_%,alerabat,5.0,2.0,LOWER,32.31,5.0,68.52,1270.07,12.0,36.11,ACT NOW,UP,False,,,https://alerabat.com/kody-promocyjne/lego,https://goodie.pl/marka/lego,Rakuten,A+,Entertainment,Lifestyle,True,True,4.69,4.62,9.79,181.44,5.16,12.0,7.0,False
2026-10-08,Ryobi,4.0,%,6.0,%,False,,not_found,2.0,up_to_%,3.88,%,letyshops,6.0,2.0,LOWER,5.58,7.7,20.049999999999997,365.78,3.0,14.47,ACT NOW,UP,False,https://letyshops.com/pl/shops/ryobi-pl,,https://alerabat.com/kody-promocyjne/ryobi,https://goodie.pl/marka/ryobi,Tradedoubler,B,Home & Garden,Multi-Category,True,True,5.85,2.79,10.02,182.89,7.24,3.0,2.0,False
2026-10-08,Radisson Hotels,2.0,%,4.0,%,False,,not_found,2.0,up_to_%,2.0,%,letyshops,4.0,2.0,LOWER,200.85999999999999,8.0,463.05,5788.18,3.0,262.2,ACT NOW,UP,False,https://letyshops.com/pl/shops/radisson-hotels-pl,,https://alerabat.com/kody-promocyjne/radisson-blu,https://goodie.pl/marka/radisson-hotels,Tradedoubler,D,Hotel & Accommodations,Travel,True,True,8.0,100.43,231.52,2894.09,131.1,3.0,2.0,False
2026-10-08,Decathlon,2.0,%,2.25,%,False,1.4,up_to_%,4.0,up_to_%,1.75,%,alerabat,4.0,2.0,LOWER,-122.72,2.3,64.84,2821.88,38.0,187.57000000000002,REVIEW,UP,False,https://letyshops.com/pl/shops/decathlon-pl,https://www.picodi.com/pl/decathlon/offers,https://alerabat.com/kod-promocyjny/decathlon-pl,https://goodie.pl/marka/decathlon,Webgains,A,Sport Fashion,Fashion,True,True,2.28,-10.23,5.4,235.16,15.63,38.0,12.0,True
2026-10-08,Xiaomi,2.0,%,3.75,%,False,,not_found,1.5,up_to_%,2.5,%,letyshops,3.75,1.75,LOWER,1.1,3.0,3.3,110.03,1.0,2.2,ACT NOW,UP,False,https://letyshops.com/pl/shops/xiaomi-pl,,https://alerabat.com/kody-promocyjne/xiaomi,https://goodie.pl/marka/xiaomi,AWIN,B,Unknown,Unknown,True,True,3.0,1.1,3.3,110.03,2.2,1.0,1.0,False
2026-10-08,VidaXL,2.5,%,4.0,%,False,,not_found,2.5,up_to_%,2.0,%,letyshops,4.0,1.5,LOWER,0.66,2.9,10.82,373.21,3.0,6.43,ACT NOW,UP,False,https://letyshops.com/pl/shops/vida-xl,,https://alerabat.com/kody-promocyjne/vida-xl,https://goodie.pl/marka/vida-xl,Tradetracker,B,Health & Beauty,Multi-Category,True,True,2.9,0.22,3.61,124.4,2.14,3.0,3.0,False
2026-10-08,Cocolita,3.5,%,3.5,%,False,,not_found,5.0,up_to_%,2.25,up_to_%,alerabat,5.0,1.5,LOWER,120.46,4.5,260.47,4884.15,14.0,140.01,ACT NOW,UP,False,https://letyshops.com/pl/shops/cocolita-pl,,https://alerabat.com/kody-promocyjne/cocolita-pl,https://goodie.pl/marka/cocolita,Tradedoubler,AA,Health & Beauty,Multi-Category,True,True,5.41,15.06,32.56,610.52,17.5,14.0,8.0,False
2026-10-08,RestaurantWeek,3.5,%,,not_found,False,,not_found,5.0,up_to_%,3.0,%,alerabat,5.0,1.5,LOWER,,,,,,,REVIEW,UP,False,,,https://alerabat.com/kody-promocyjne/restaurant-week,https://goodie.pl/marka/restaurant-week,,,,,,,,,,,,,,
2026-10-08,Tanie-opony.pl,1.8,%,1.25,%,False,,not_found,,not_found,3.0,%,goodie,3.0,1.2,LOWER,,,,,,,REVIEW,UP,False,https://letyshops.com/pl/shops/tanie-opony-pl,,,https://goodie.pl/marka/tanie-opony-pl,,,,,,,,,,,,,,
2026-10-08,Drogeria.pl,3.0,%,4.0,%,False,,not_found,,not_found,2.25,%,letyshops,4.0,1.0,LOWER,,,,,,,REVIEW,UP,False,https://letyshops.com/pl/shops/drogeria-pl,,,https://goodie.pl/marka/drogeria-pl,,,,,,,,,,,,,,
2026-10-08,Philips,4.0,%,,no cashback,False,,not_found,2.5,up_to_%,5.0,%,goodie,5.0,1.0,LOWER,29.58,7.0,53.629999999999995,972.23,10.0,24.05,ACT NOW,UP,False,,,https://alerabat.com/kody-promocyjne/philips,https://goodie.pl/marka/philips,Tradedoubler,A,Appliance,Technology,True,True,6.3,5.92,10.73,194.45,4.81,10.0,5.0,False
2026-10-08,NinjaShark,4.0,%,5.0,%,False,,not_found,2.5,up_to_%,,not_found,letyshops,5.0,1.0,LOWER,,,,,,,REVIEW,UP,False,https://letyshops.com/pl/shops/ninja-pl,,https://alerabat.com/kody-promocyjne/ninja,,,,,,,,,,,,,,,
2026-10-08,Stylevana,3.0,%,4.0,%,False,,not_found,2.5,up_to_%,,no cashback,letyshops,4.0,1.0,LOWER,7.98,7.2,11.88,165.58,2.0,3.9,ACT NOW,UP,False,https://letyshops.com/pl/shops/stylevana-pl,,https://alerabat.com/kody-promocyjne/stylevana,https://goodie.pl/marka/stylevana,AWIN,E,not_attributed,not_attributed,True,True,7.2,7.98,11.88,165.58,3.9,2.0,1.0,False
2026-10-08,Regatta,3.0,%,4.0,%,False,,not_found,2.5,up_to_%,2.5,up_to_%,letyshops,4.0,1.0,LOWER,-3.6899999999999995,5.0,525.1899999999999,5350.75,14.0,528.88,REVIEW,UP,False,https://letyshops.com/pl/shops/regatta-pl,,https://alerabat.com/kody-promocyjne/regatta,https://goodie.pl/marka/regatta,Webgains,B,Sport Fashion,Fashion,True,True,6.63,-1.23,175.06,1783.58,176.29,14.0,3.0,True
2026-10-08,ZooFaster,2.0,%,3.0,%,False,,not_found,1.4,up_to_%,2.0,%,letyshops,3.0,1.0,LOWER,,,,,,,REVIEW,UP,False,https://letyshops.com/pl/shops/krakvet,,https://alerabat.com/kody-promocyjne/zoofaster,https://goodie.pl/marka/zoofaster,,,,,,,,,,,,,,
2026-10-08,Bonprix,4.0,%,5.0,%,False,1.2,%,2.5,up_to_%,3.0,up_to_%,letyshops,5.0,1.0,LOWER,-0.13999999999999999,4.0,3.03,76.09,3.0,3.17,REVIEW,UP,False,https://letyshops.com/pl/shops/bonprix-pl,https://www.picodi.com/pl/bonprix/offers,https://alerabat.com/kod-promocyjny/bonprix,https://goodie.pl/marka/bonprix,Tradedoubler,C,Fashion,Fashion,True,True,4.0,-0.05,1.01,25.36,1.06,3.0,3.0,True
2026-10-08,Top Secret,4.2,%,,no cashback,False,,not_found,5.0,up_to_%,,no cashback,alerabat,5.0,0.8,LOWER,0.0,7.0,49.57,708.15,2.0,49.56,ACT NOW,UP,False,,,https://alerabat.com/kod-rabatowy/topsecret,https://goodie.pl/marka/top-secret,Webgains,E,Fashion,Fashion,True,True,7.0,0.0,24.78,354.08,24.78,2.0,2.0,False
2026-10-08,Vobis,1.0,%,1.75,%,False,,not_found,,no cashback,1.75,up_to_%,letyshops,1.75,0.75,LOWER,233.92999999999998,2.7,670.3599999999999,19109.3,15.0,436.43,ACT NOW,UP,False,https://letyshops.com/pl/shops/vobis-pl,,https://alerabat.com/kod-promocyjny/vobis-pl,https://goodie.pl/marka/vobis,Tradedoubler,A,Electronics,Technology,True,True,3.95,38.99,111.73,3184.88,72.74,15.0,6.0,False
2026-10-08,Neonet,0.75,%,,no cashback,False,,not_found,1.5,up_to_%,1.5,%,alerabat,1.5,0.75,LOWER,1.4900000000000002,1.5,2.95,196.77,2.0,1.4700000000000002,ACT NOW,UP,False,,,https://alerabat.com/kod-promocyjny/neonet,https://goodie.pl/marka/neonet,Tradedoubler,B,Electronics,Technology,True,True,1.5,0.75,1.48,98.38,0.74,2.0,2.0,False
2026-10-08,Acer,4.0,%,4.5,%,False,1.5,%,2.5,up_to_%,4.0,%,letyshops,4.5,0.5,LOWER,2.02,8.5,4.91,57.75,1.0,2.89,ACT NOW,UP,False,https://letyshops.com/pl/shops/acer-pl,https://www.picodi.com/pl/acer/offers,https://alerabat.com/kody-promocyjne/acer,https://goodie.pl/marka/acer,AWIN,C,Electronics,Technology,True,True,8.5,2.02,4.91,57.75,2.89,1.0,1.0,False
2026-10-08,Modivo,3.5,%,3.0,%,False,,not_found,4.0,up_to_%,4.0,%,alerabat,4.0,0.5,LOWER,5.35,4.0,185.9,4142.02,57.0,180.55,ACT NOW,UP,False,https://letyshops.com/pl/shops/modivo-pl,,https://alerabat.com/kody-promocyjne/modivo,https://goodie.pl/marka/modivo,Tradedoubler,AAA,Fashion,Fashion,True,True,4.76,0.45,15.49,345.17,15.05,57.0,12.0,False
2026-10-08,Eventim,1.0,%,1.5,%,False,,not_found,1.0,up_to_%,1.0,%,letyshops,1.5,0.5,LOWER,4.1,2.0,15.29,764.53,8.0,11.2,ACT NOW,UP,False,https://letyshops.com/pl/shops/eventim-pl,,https://alerabat.com/kody-promocyjne/eventim,https://goodie.pl/marka/eventim,AWIN,B,Unknown,Unknown,True,True,2.0,0.82,3.06,152.91,2.24,8.0,5.0,False
2026-10-08,Perfumy.pl,2.84,%,3.25,%,False,,not_found,3.0,up_to_%,2.8,%,letyshops,3.25,0.41,LOWER,7.16,5.7,59.879999999999995,1054.19,5.0,52.71,ACT NOW,UP,False,https://letyshops.com/pl/shops/perfumy,,https://alerabat.com/kody-promocyjne/perfumy-pl,https://goodie.pl/marka/perfumy,Adtraction,C,Health & Beauty,Multi-Category,True,True,4.28,1.79,14.97,263.55,13.18,5.0,4.0,False
2026-10-08,Triverna,2.0,%,2.4,%,False,,not_found,2.4,up_to_%,2.4,up_to_%,letyshops,2.4,0.4,LOWER,,,,,,,MONITOR,NONE,False,https://letyshops.com/pl/shops/triverna-pl,,https://alerabat.com/kod-promocyjny/triverna-pl,https://goodie.pl/marka/triverna,,,,,,,,,,,,,,
2026-10-08,Ceneo,1.0,%,,not_found,False,,not_found,1.32,up_to_%,,not_found,alerabat,1.32,0.32,LOWER,31.45,1.8,62.26,3121.26,38.0,30.81,ACT NOW,UP,False,,,https://alerabat.com/kody-promocyjne/ceneo,,Tradedoubler,C,Multi-Departments,Multi-Category,True,True,23.52,3.49,6.92,346.81,3.42,38.0,9.0,False
2026-10-08,LG,1.75,%,2.0,%,False,,not_found,0.25,up_to_%,2.0,up_to_%,letyshops,2.0,0.25,LOWER,-32.69,0.5,52.660000000000004,4001.54,7.0,85.35,REVIEW,UP,False,https://letyshops.com/pl/shops/lg-pl,,https://alerabat.com/kody-promocyjne/lg,https://goodie.pl/marka/lg,AWIN,B,Appliance,Technology,True,True,1.5,-5.45,8.78,666.92,14.22,7.0,6.0,True
2026-10-08,Foreo,3.5,%,3.75,%,False,,not_found,3.75,up_to_%,3.75,%,letyshops,3.75,0.25,LOWER,,,,,,,MONITOR,NONE,False,https://letyshops.com/pl/shops/foreo,,https://alerabat.com/kody-promocyjne/foreo,https://goodie.pl/marka/foreo,,,,,,,,,,,,,,
2026-10-08,Intymna,3.0,%,,not_found,False,,not_found,3.1,up_to_%,,not_found,alerabat,3.1,0.1,LOWER,2.22,6.2,4.93,79.55000000000001,2.0,2.71,ACT NOW,UP,False,,,https://alerabat.com/kod-promocyjny/intymna-pl,,Tradedoubler,C,Fashion,Fashion,True,False,6.2,1.11,2.46,39.78,1.36,2.0,2.0,False
2026-10-08,Huawei,3.5,%,3.0,%,False,,not_found,3.46,up_to_%,3.6,up_to_%,goodie,3.6,0.1,LOWER,19.810000000000002,3.5,37.2,1035.3200000000002,5.0,17.39,ACT NOW,UP,False,https://letyshops.com/pl/shops/huawei-pl,,https://alerabat.com/kody-promocyjne/huawei,https://goodie.pl/marka/huawei,Tradedoubler,A,Electronics,Technology,True,True,3.65,4.95,9.3,258.83,4.35,5.0,4.0,False
2026-10-08,GOG,3.0,%,3.0,%,False,,not_found,3.1,up_to_%,3.0,%,alerabat,3.1,0.1,LOWER,16.59,6.0,36.339999999999996,605.6600000000001,161.0,18.979999999999997,ACT NOW,UP,False,https://letyshops.com/pl/shops/gog,,https://alerabat.com/kody-promocyjne/gog,https://goodie.pl/marka/gog-com,Commission Junction,B,Online Gaming,Technology,True,True,6.0,2.76,6.06,100.94,3.16,161.0,6.0,False
2026-10-08,PRM,6.0,%,6.0,%,False,,not_found,2.0,up_to_%,,not_found,letyshops,6.0,0.0,OK,293.5,10.0,762.29,7622.77,17.0,468.79,OPTIMISE,NONE,True,https://letyshops.com/pl/shops/prm-pl,,https://alerabat.com/kody-promocyjne/prm,,Commission Junction,A,Fashion,Fashion,True,True,10.0,41.93,108.9,1088.97,66.97,17.0,7.0,False
2026-10-08,Teufel,4.0,%,2.0,%,False,,not_found,4.0,up_to_%,2.0,%,alerabat,4.0,0.0,OK,0.0,4.0,95.09,2377.17,2.0,95.08,OPTIMISE,NONE,True,https://letyshops.com/pl/shops/teufel-pl,,https://alerabat.com/kody-promocyjne/teufel,https://goodie.pl/marka/teufel,Rakuten,D,Electronics,Technology,True,True,4.0,0.0,47.54,1188.58,47.54,2.0,2.0,False
2026-10-08,Max Elektro,2.0,%,2.0,%,False,,not_found,1.0,up_to_%,1.0,%,letyshops,2.0,0.0,OK,113.10000000000001,2.0,472.62,11836.33,7.0,359.52000000000004,OPTIMISE,NONE,True,https://letyshops.com/pl/shops/maxelektro,,https://alerabat.com/kody-promocyjne/max-elektro,https://goodie.pl/marka/max-elektro-pl,Tradedoubler,B,Appliance,Technology,True,True,3.67,18.85,78.77,1972.72,59.92,7.0,6.0,False
2026-10-08,Mountain Warehouse,3.0,%,3.0,%,False,,not_found,3.0,up_to_%,3.0,%,letyshops,3.0,0.0,OK,0.0,6.0,8.67,144.46,1.0,8.67,OPTIMISE,NONE,True,https://letyshops.com/pl/shops/mountain-warehouse-pl,,https://alerabat.com/kody-promocyjne/mountainwarehouse,https://goodie.pl/marka/mountain-warehouse,AWIN,B,Fashion,Fashion,True,True,6.0,0.0,8.67,144.46,8.67,1.0,1.0,False
2026-10-08,Greenpoint,4.0,%,2.0,%,False,,not_found,2.0,up_to_%,4.0,%,goodie,4.0,0.0,OK,70.63000000000001,8.0,137.72,1721.6399999999999,9.0,67.09,OPTIMISE,NONE,True,https://letyshops.com/pl/shops/greenpoint-pl,,https://alerabat.com/kody-promocyjne/greenpoint,https://goodie.pl/marka/greenpoint,Webgains,D,Fashion,Fashion,True,True,8.0,11.77,22.95,286.94,11.18,9.0,6.0,False
2026-10-08,Medicine,3.0,%,3.0,%,False,,not_found,3.0,up_to_%,,not_found,letyshops,3.0,0.0,OK,32.0,6.0,58.68,977.74,17.0,26.67,OPTIMISE,NONE,True,https://letyshops.com/pl/shops/medicine-pl,,https://alerabat.com/kody-promocyjne/medicine,,AWIN,A+,Fashion,Fashion,True,True,6.0,4.0,7.34,122.22,3.33,17.0,8.0,False
2026-10-08,Lookfantastic,5.0,%,5.0,%,False,,not_found,5.0,up_to_%,5.0,up_to_%,letyshops,5.0,0.0,OK,-0.44,4.8,2.2,45.38,2.0,2.64,ACT NOW,DOWN,True,https://letyshops.com/pl/shops/lookfantastic-pl,,https://alerabat.com/kod-promocyjny/lookfantastic-com,https://goodie.pl/marka/lookfantastic,,,,,,,,,,,,,,
2026-10-08,Rocketjobs.pl,7.5,%,,not_found,False,,not_found,7.5,up_to_%,,not_found,alerabat,7.5,0.0,OK,1.1,0.0,5.79,0.0,1.0,4.68,OPTIMISE,NONE,True,,,https://alerabat.com/kody-promocyjne/rocketjobs,,Admitad,F,not_attributed,not_attributed,True,True,0.0,1.1,5.79,0.0,4.68,1.0,1.0,False
2026-10-08,OBI,2.5,%,2.5,%,False,1.5,%,2.5,up_to_%,2.5,%,letyshops,2.5,0.0,OK,109.97,5.0,451.75,9037.73,39.0,335.14,OPTIMISE,NONE,True,https://letyshops.com/pl/shops/obi-pl,https://www.picodi.com/pl/obi/offers,https://alerabat.com/kody-promocyjne/obi,https://goodie.pl/marka/obi,Commission Junction,A,Home & Garden,Multi-Category,True,True,5.0,11.0,45.18,903.77,33.51,39.0,10.0,False
2026-10-08,BasicLab,2.0,%,,no cashback,False,1.2,%,2.0,up_to_%,,not_found,alerabat,2.0,0.0,OK,3.62,3.0,370.39,12345.85,14.0,366.78,OPTIMISE,NONE,True,,https://www.picodi.com/pl/basiclab/offers,https://alerabat.com/kody-promocyjne/basiclab,,AWIN,B,Health & Beauty,Multi-Category,True,True,3.0,0.6,61.73,2057.64,61.13,14.0,6.0,False
2026-10-08,Born2Be,3.0,%,3.0,%,False,1.8,%,3.0,up_to_%,3.0,%,letyshops,3.0,0.0,OK,22.560000000000002,6.0,187.43,3106.49,18.0,161.43,OPTIMISE,NONE,True,https://letyshops.com/pl/shops/born2be-pl,https://www.picodi.com/pl/born2be/offers,https://alerabat.com/kody-promocyjne/born2be-pl,https://goodie.pl/marka/born2be,Tradedoubler,A,Fashion,Fashion,True,True,6.08,2.51,20.83,345.17,17.94,18.0,9.0,False
2026-10-08,Crocs,2.0,%,,no cashback,False,,not_found,2.0,up_to_%,,no cashback,alerabat,2.0,0.0,OK,23.71,4.0,82.06,2051.54,7.0,58.35,OPTIMISE,NONE,True,,,https://alerabat.com/kod-promocyjny/crocs-pl,https://goodie.pl/marka/crocs,AWIN,C,Footwear,Fashion,True,True,4.0,11.86,41.03,1025.77,29.18,7.0,2.0,False
2026-10-08,Electrolux,2.0,%,2.0,%,False,,not_found,2.0,up_to_%,2.0,%,letyshops,2.0,0.0,OK,184.66,4.0,2062.42,47307.6,13.0,1877.76,OPTIMISE,NONE,True,https://letyshops.com/pl/shops/electrolux-pl,,https://alerabat.com/kody-promocyjne/electrolux,https://goodie.pl/marka/electrolux,Tradedoubler,B,Appliance,Technology,True,True,4.2,30.78,343.74,7884.6,312.96,13.0,6.0,False
2026-10-08,Fera,2.0,%,2.0,%,False,,not_found,2.0,up_to_%,2.0,%,letyshops,2.0,0.0,OK,0.0,4.0,3.38,84.53,3.0,3.38,OPTIMISE,NONE,True,https://letyshops.com/pl/shops/fera-pl,,https://alerabat.com/kod-promocyjny/fera-pl,https://goodie.pl/marka/fera,AWIN,C,Pets,Lifestyle,True,True,4.0,0.0,1.69,42.26,1.69,3.0,2.0,False
2026-10-08,Giacomo Conti,5.0,%,2.5,%,False,,not_found,4.0,up_to_%,5.0,%,goodie,5.0,0.0,OK,0.0,5.0,632.9,12658.1,9.0,632.91,OPTIMISE,NONE,True,https://letyshops.com/pl/shops/giacomo-conti,,https://alerabat.com/kod-promocyjny/giacomo-pl,https://goodie.pl/marka/giacomo-conti,Tradetracker,C,Fashion,Fashion,True,True,5.0,0.0,158.22,3164.52,158.23,9.0,4.0,False
2026-10-08,eZebra,4.0,%,4.0,%,False,,not_found,4.0,up_to_%,4.0,up_to_%,letyshops,4.0,0.0,OK,,,,,,,MONITOR,NONE,True,https://letyshops.com/pl/shops/ezebra,,https://alerabat.com/kod-promocyjny/ezebra,https://goodie.pl/marka/e-zebra-pl,,,,,,,,,,,,,,
2026-10-08,Cyfrowe.pl,2.0,%,,not_found,False,,not_found,1.05,up_to_%,2.0,up_to_%,goodie,2.0,0.0,OK,-23.55,2.1,270.02,14643.220000000001,12.0,276.15,ACT NOW,DOWN,True,,,https://alerabat.com/kod-promocyjny/cyfrowe-pl,https://goodie.pl/marka/cyfrowe-pl,Tradetracker,B,Electronics,Technology,True,True,1.82,-4.71,54.0,2928.64,55.23,12.0,5.0,True
2026-10-08,Tescoma,3.5,%,,not_found,False,,not_found,3.5,up_to_%,3.5,%,alerabat,3.5,0.0,OK,33.66,7.0,67.32,961.78,1.0,33.66,OPTIMISE,NONE,True,,,https://alerabat.com/kody-promocyjne/tescoma,https://goodie.pl/marka/tescoma,Commission Junction,E,Home & Garden,Multi-Category,True,False,7.0,33.66,67.32,961.78,33.66,1.0,1.0,False
2026-10-08,Udemy,10.0,%,6.5,%,False,,not_found,10.0,up_to_%,,no cashback,alerabat,10.0,0.0,OK,0.0,15.0,24.740000000000002,123.17999999999999,13.0,24.740000000000002,OPTIMISE,NONE,True,https://letyshops.com/pl/shops/udemy,,https://alerabat.com/kody-promocyjne/udemy-com,https://goodie.pl/marka/udemy,Impact Radius,B,Business / Office,Technology,True,True,18.94,0.0,3.53,17.6,3.53,13.0,7.0,False
2026-10-08,Świat supli,2.5,%,,not_found,False,,not_found,2.5,up_to_%,,not_found,alerabat,2.5,0.0,OK,0.0,5.0,136.09,2721.87,8.0,136.09,OPTIMISE,NONE,True,,,https://alerabat.com/kody-promocyjne/swiat-supli,,AWIN,B,Food & Drink,Lifestyle,True,True,5.0,0.0,34.02,680.47,34.02,8.0,4.0,False
2026-10-08,24mx,2.5,%,2.5,%,False,,not_found,2.5,up_to_%,,not_found,letyshops,2.5,0.0,OK,,,,,,,MONITOR,NONE,True,https://letyshops.com/pl/shops/24mx-pl,,https://alerabat.com/kody-promocyjne/24mx,,,,,,,,,,,,,,,
2026-10-08,iParts,1.8,%,,no cashback,False,,not_found,1.75,up_to_%,,no cashback,alerabat,1.75,-0.05,OK,0.0,3.5,11.379999999999999,324.97999999999996,2.0,11.379999999999999,OPTIMISE,NONE,True,,,https://alerabat.com/kody-promocyjne/iparts-pl,https://goodie.pl/marka/iparts,Tradetracker,B,Automotive,Lifestyle,True,True,3.5,0.0,5.69,162.49,5.69,2.0,2.0,False
2026-10-08,Lokalny Rolnik,4.5,%,4.4,%,False,,not_found,2.8,up_to_%,2.8,%,letyshops,4.4,-0.1,OK,-0.45,6.4,1.87,29.16,1.0,2.32,ACT NOW,DOWN,True,https://letyshops.com/pl/shops/lokalny-rolnik-pl,,https://alerabat.com/kody-promocyjne/lokalny-rolnik,https://goodie.pl/marka/lokalny-rolnik,Tradedoubler,F,not_attributed,not_attributed,True,True,6.4,-0.45,1.87,29.16,2.32,1.0,1.0,True
2026-10-08,KurJerzy.pl,3.0,%,2.8,%,False,,not_found,,not_found,,not_found,letyshops,2.8,-0.2,OK,,,,,,,OPTIMISE,NONE,True,https://letyshops.com/pl/shops/kurjerzy-pl,,,,,,,,,,,,,,,,,
2026-10-08,Twojemeble.pl,2.7,%,2.25,%,False,,not_found,2.25,up_to_%,2.5,%,goodie,2.5,-0.2,OK,,,,,,,OPTIMISE,NONE,True,https://letyshops.com/pl/shops/twojemeble-pl,,https://alerabat.com/kody-promocyjne/twojemeble-pl,https://goodie.pl/marka/twojemeble-pl,,,,,,,,,,,,,,
2026-10-08,Converse,5.0,%,4.8,%,False,,not_found,4.8,up_to_%,3.0,%,letyshops,4.8,-0.2,OK,6.64,5.0,83.66,1540.27,11.0,77.00999999999999,OPTIMISE,NONE,True,https://letyshops.com/pl/shops/converse-pl,,https://alerabat.com/kody-promocyjne/converse-pl,https://goodie.pl/marka/converse,AWIN,D,Footwear,Fashion,True,True,6.15,1.66,20.92,385.07,19.25,11.0,4.0,False
2026-10-08,KFC,3.0,%,2.75,%,False,,not_found,2.76,up_to_%,2.77,%,goodie,2.77,-0.23,OK,5.13,5.5,34.83,629.92,43.0,29.7,OPTIMISE,NONE,True,https://letyshops.com/pl/shops/kfc-polska,,https://alerabat.com/kody-promocyjne/kfc,https://goodie.pl/marka/kfc,Commission Junction,A,Food & Drink,Lifestyle,True,True,5.5,0.51,3.48,62.99,2.97,43.0,10.0,False
2026-10-08,eSky,2.0,%,1.75,%,False,,not_found,1.75,up_to_%,1.75,%,letyshops,1.75,-0.25,OK,49.06999999999999,3.5,238.76,6822.17,7.0,189.7,OPTIMISE,NONE,True,https://letyshops.com/pl/shops/esky,,https://alerabat.com/kody-promocyjne/esky-pl,https://goodie.pl/marka/esky-pl,Admitad,B,Travel agencies,Travel,True,True,3.5,7.01,34.11,974.6,27.1,7.0,7.0,False
2026-10-08,Lidl,1.0,%,0.75,%,False,0.5,%,,no cashback,0.5,up_to_%,letyshops,0.75,-0.25,OK,545.0500000000001,1.5,2066.79,42532.39,245.0,1521.74,OPTIMISE,NONE,True,https://letyshops.com/pl/shops/lidl-pl,https://www.picodi.com/pl/lidl/offers,https://alerabat.com/kody-promocyjne/lidl,https://goodie.pl/marka/lidl,Tradedoubler,A,Food & Drink,Lifestyle,True,True,1.83,49.55,187.89,3866.58,138.34,245.0,11.0,False
2026-10-08,Diablo Chairs,4.0,%,2.25,%,False,,not_found,3.75,up_to_%,2.25,%,alerabat,3.75,-0.25,OK,1.12,4.5,685.53,14143.25,8.0,684.4,OPTIMISE,NONE,True,https://letyshops.com/pl/shops/diablo-chairs,,https://alerabat.com/kody-promocyjne/diablo-chairs,https://goodie.pl/marka/diablochairs,Commission Junction,B,Home & Garden,Multi-Category,True,True,5.0,0.28,171.38,3535.81,171.1,8.0,4.0,False
2026-10-08,Merkury Market,2.0,%,,no cashback,False,,not_found,1.75,up_to_%,,no cashback,alerabat,1.75,-0.25,OK,88.56,3.5,824.29,23551.510000000002,23.0,591.93,OPTIMISE,NONE,True,,,https://alerabat.com/kody-promocyjne/merkury-market,https://goodie.pl/marka/merkurymarket-pl,Tradetracker,A,Home & Garden,Multi-Category,True,True,3.5,11.07,103.04,2943.94,73.99,23.0,8.0,False
2026-10-08,LOT,1.0,%,,not_found,False,,not_found,0.75,up_to_%,,not_found,alerabat,0.75,-0.25,OK,17.26,1.5,226.35,15089.98,37.0,209.08,OPTIMISE,NONE,True,,,https://alerabat.com/kod-promocyjny/lot,,Commission Junction,A,Airlines,Travel,True,True,1.5,1.92,25.15,1676.66,23.23,37.0,9.0,False
2026-10-08,Carrefour,2.0,%,1.5,%,False,,not_found,1.5,up_to_%,1.75,%,goodie,1.75,-0.25,OK,11.370000000000001,3.0,32.0,1023.85,16.0,20.63,OPTIMISE,NONE,True,https://letyshops.com/pl/shops/carrefour-pl,,https://alerabat.com/kody-promocyjne/carrefour,https://goodie.pl/marka/carrefour,Admitad,B,Multi-Departments,Multi-Category,True,True,3.07,1.26,3.56,113.76,2.29,16.0,9.0,False
2026-10-08,Ubisoft,0.5,%,,not_found,False,,not_found,,not_found,0.21,%,goodie,0.21,-0.29,OK,,,,,,,OPTIMISE,NONE,True,,,,https://goodie.pl/marka/ubisoft,,,,,,,,,,,,,,
2026-10-08,Przyjaciele Kawy,4.0,%,3.7,%,False,,not_found,3.55,up_to_%,3.7,up_to_%,letyshops,3.7,-0.3,OK,5455.84,7.1,7786.26,162665.19,38.0,2330.42,OPTIMISE,NONE,True,https://letyshops.com/pl/shops/przyjaciele-kawy-pl,,https://alerabat.com/kody-promocyjne/przyjaciele-kawy,https://goodie.pl/marka/przyjacielekawy-pl,Tradedoubler,B,Food & Drink,Lifestyle,True,True,5.31,779.41,1112.32,23237.88,332.92,38.0,7.0,False
2026-10-08,MebleMWM,3.5,%,3.2,%,False,,not_found,3.2,up_to_%,,no cashback,letyshops,3.2,-0.3,OK,4431.7300000000005,6.4,8326.91,130108.17,53.0,3878.35,OPTIMISE,NONE,True,https://letyshops.com/pl/shops/meblemwm-pl,,https://alerabat.com/kody-promocyjne/meble-mwm,https://goodie.pl/marka/meblemwm-pl,Tradedoubler,B,Home & Garden,Multi-Category,True,True,6.4,369.31,693.91,10842.35,323.2,53.0,12.0,False
2026-10-08,Zelmer,3.3,%,,not_found,False,,not_found,3.0,up_to_%,,no cashback,alerabat,3.0,-0.3,OK,,,,,,,OPTIMISE,NONE,True,,,https://alerabat.com/kody-promocyjne/zelmer,https://goodie.pl/marka/zelmer,,,,,,,,,,,,,,
2026-10-08,Aclari,1.8,%,,not_found,False,0.9,%,1.5,up_to_%,,not_found,alerabat,1.5,-0.3,OK,17.64,3.0,44.099999999999994,1469.7599999999998,2.0,26.45,OPTIMISE,NONE,True,,https://www.picodi.com/pl/aclari/offers,https://alerabat.com/kody-promocyjne/aclari,,AWIN,F,Jewellery,Fashion,True,True,3.0,8.82,22.05,734.88,13.22,2.0,2.0,False
2026-10-08,Egmont,3.6,%,3.25,%,False,,not_found,3.0,up_to_%,3.0,%,letyshops,3.25,-0.35,OK,,,,,,,OPTIMISE,NONE,True,https://letyshops.com/pl/shops/egmont,,https://alerabat.com/kody-promocyjne/egmont-pl,https://goodie.pl/marka/egmont-pl,,,,,,,,,,,,,,
2026-10-08,Olimp Store,2.5,%,,not_found,False,,not_found,2.1,up_to_%,,no cashback,alerabat,2.1,-0.4,OK,1.02,4.2,5.37,128.07,3.0,2.84,OPTIMISE,NONE,True,,,https://alerabat.com/kody-promocyjne/olimp-store,https://goodie.pl/marka/olimp-store,Admitad,B,Health & Beauty,Multi-Category,True,True,4.2,0.51,2.68,64.04,1.42,3.0,2.0,False
2026-10-08,Lufthansa,1.2,%,0.75,%,False,,not_found,0.75,up_to_%,,no cashback,letyshops,0.75,-0.45,OK,0.9799999999999998,1.5,20.44,1362.91,6.0,18.58,OPTIMISE,NONE,True,https://letyshops.com/pl/shops/lufthansa-pl,,https://alerabat.com/kod-promocyjny/lufthansa,https://goodie.pl/marka/lufthansa,Tradedoubler,F,not_attributed,not_attributed,True,True,1.5,0.33,6.81,454.3,6.19,6.0,3.0,False
2026-10-08,Kubenz,2.76,%,,not_found,False,,not_found,2.3,up_to_%,,no cashback,alerabat,2.3,-0.46,OK,,,,,,,OPTIMISE,NONE,True,,,https://alerabat.com/kody-promocyjne/kubenz,https://goodie.pl/marka/kubenz,,,,,,,,,,,,,,
2026-10-08,Brainmarket,1.75,%,,not_found,False,,not_found,1.25,up_to_%,,not_found,alerabat,1.25,-0.5,OK,,,,,,,OPTIMISE,NONE,True,,,https://alerabat.com/kody-promocyjne/brainmarket,,,,,,,,,,,,,,,
2026-10-08,Cropp,4.0,%,3.5,%,False,,not_found,3.5,up_to_%,3.0,%,letyshops,3.5,-0.5,OK,8.21,6.4,46.02,714.61,21.0,25.060000000000002,OPTIMISE,NONE,True,https://letyshops.com/pl/shops/cropp-pl,,https://alerabat.com/kod-promocyjny/cropp,https://goodie.pl/marka/cropp,Commission Junction,A,Fashion,Fashion,True,True,6.4,1.03,5.75,89.33,3.13,21.0,8.0,False
2026-10-08,FotoForma,2.0,%,,not_found,False,,not_found,1.25,up_to_%,1.5,%,goodie,1.5,-0.5,OK,1.67,2.5,268.03,10721.34,3.0,266.36,OPTIMISE,NONE,True,,,https://alerabat.com/kody-promocyjne/fotoforma,https://goodie.pl/marka/fotoforma,Tradedoubler,B,Utilities,Services,True,True,2.5,1.67,268.03,10721.34,266.36,3.0,1.0,False
2026-10-08,Mamyito,4.5,%,4.0,%,False,,not_found,2.8,up_to_%,2.4,%,letyshops,4.0,-0.5,OK,92.10000000000001,5.6,774.53,13869.44,30.0,682.44,OPTIMISE,NONE,True,https://letyshops.com/pl/shops/mamyito-pl,,https://alerabat.com/kody-promocyjne/mamyito,https://goodie.pl/marka/mamyito-pl,Tradedoubler,D,not_attributed,not_attributed,True,True,5.3,11.51,96.82,1733.68,85.3,30.0,8.0,False
2026-10-08,Homla,2.5,%,,no cashback,False,,not_found,2.0,up_to_%,2.0,%,alerabat,2.0,-0.5,OK,7.2,4.8,41.19,858.19,15.0,33.99,OPTIMISE,NONE,True,,,https://alerabat.com/kody-promocyjne/homla,https://goodie.pl/marka/homla,Tradedoubler,A,Home & Garden,Multi-Category,True,True,4.8,0.72,4.12,85.82,3.4,15.0,10.0,False
2026-10-08,eobuwie,4.0,%,3.0,%,False,,not_found,3.5,up_to_%,3.5,%,alerabat,3.5,-0.5,OK,109.95,2.4,379.43,8619.949999999999,107.0,269.48,OPTIMISE,NONE,True,https://letyshops.com/pl/shops/eobuwie-pl,,https://alerabat.com/kod-promocyjny/eobuwie,https://goodie.pl/marka/eobuwie-pl,Tradedoubler,AAA,Footwear,Fashion,True,True,3.72,7.85,27.1,615.71,19.25,107.0,14.0,False
2026-10-08,Peek & Cloppenburg,2.0,%,1.5,%,False,,not_found,,not_found,1.5,%,letyshops,1.5,-0.5,OK,5.68,3.0,19.68,656.29,8.0,14.01,OPTIMISE,NONE,True,https://letyshops.com/pl/shops/peek-cloppenburg-pl,,,https://goodie.pl/marka/peekcloppenburg,AWIN,B,Fashion,Fashion,True,True,3.0,0.95,3.28,109.38,2.34,8.0,6.0,False
2026-10-08,Tagomago,3.0,%,2.5,%,False,,not_found,2.5,up_to_%,2.5,%,letyshops,2.5,-0.5,OK,3.1300000000000003,3.8,19.49,485.89000000000004,4.0,16.36,OPTIMISE,NONE,True,https://letyshops.com/pl/shops/tagomago-pl,,https://alerabat.com/kod-promocyjny/tagomago-pl,https://goodie.pl/marka/tagomago-pl,Admitad,B,Health & Beauty,Multi-Category,True,True,4.33,1.04,6.5,161.96,5.45,4.0,3.0,False
2026-10-08,Victoria's Secret,3.0,%,2.5,%,False,,not_found,2.0,up_to_%,,not_found,letyshops,2.5,-0.5,OK,5.8999999999999995,5.0,7.17,145.39000000000001,4.0,1.27,OPTIMISE,NONE,True,https://letyshops.com/pl/shops/victorias-secret-pl,,https://alerabat.com/kody-promocyjne/victorias-secret,,Webgains,B,Fashion,Fashion,True,True,4.5,2.95,3.58,72.7,0.64,4.0,2.0,False
2026-10-08,Venezia,2.5,%,,not_found,False,,not_found,,no cashback,2.0,up_to_%,goodie,2.0,-0.5,OK,26.25,5.0,58.82000000000001,1176.38,7.0,32.56,OPTIMISE,NONE,True,,,https://alerabat.com/kod-promocyjny/venezia,https://goodie.pl/marka/venezia,Webgains,D,Footwear,Fashion,True,True,5.0,13.12,29.41,588.19,16.28,7.0,2.0,False
2026-10-08,Yanosik,3.0,%,2.5,%,False,,not_found,2.0,up_to_%,2.0,%,letyshops,2.5,-0.5,OK,,,,,,,OPTIMISE,NONE,True,https://letyshops.com/pl/shops/yanosik-pl,,https://alerabat.com/kody-promocyjne/yanosik,https://goodie.pl/marka/yanosik-pl,,,,,,,,,,,,,,
2026-10-08,Komputronik,1.5,%,1.0,%,False,,not_found,0.95,up_to_%,0.75,%,letyshops,1.0,-0.5,OK,2.91,1.5,184.76000000000002,12225.300000000001,11.0,181.85999999999999,OPTIMISE,NONE,True,https://letyshops.com/pl-en/shops/komputronik-pl,,https://alerabat.com/kod-promocyjny/komputronik-pl,https://goodie.pl/marka/komputronik,Admitad,E,Electronics,Technology,True,True,1.5,0.42,26.39,1746.47,25.98,11.0,7.0,False
2026-10-08,Smyk,2.0,%,1.5,%,False,,not_found,1.5,up_to_%,1.5,up_to_%,letyshops,1.5,-0.5,OK,,,,,,,OPTIMISE,NONE,True,https://letyshops.com/pl/shops/smyk,,https://alerabat.com/kod-promocyjny/smyk-com,https://goodie.pl/marka/smyk,,,,,,,,,,,,,,
2026-10-08,Footshop,3.0,%,2.5,%,False,,not_found,2.5,up_to_%,2.5,up_to_%,letyshops,2.5,-0.5,OK,77.15,3.9,107.57000000000001,2677.5299999999997,4.0,30.42,OPTIMISE,NONE,True,https://letyshops.com/pl/shops/footshop-pl,,https://alerabat.com/kody-promocyjne/footshop-pl,https://goodie.pl/marka/footshop-pl,Commission Junction,B,Footwear,Fashion,True,True,3.95,38.58,53.78,1338.76,15.21,4.0,2.0,False
2026-10-08,Green Touch,3.3,%,1.75,%,False,,not_found,2.75,up_to_%,2.75,%,alerabat,2.75,-0.55,OK,,,,,,,OPTIMISE,NONE,True,https://letyshops.com/pl/shops/green-touch-pl,,https://alerabat.com/kody-promocyjne/green-touch,https://goodie.pl/marka/greentouch-pl,,,,,,,,,,,,,,
2026-10-08,uPacjenta,3.36,%,2.8,%,False,,not_found,2.8,up_to_%,2.8,%,letyshops,2.8,-0.56,OK,,,,,,,OPTIMISE,NONE,True,https://letyshops.com/pl/shops/upacjenta-pl,,https://alerabat.com/kody-promocyjne/upacjenta,https://goodie.pl/marka/upacjenta,,,,,,,,,,,,,,
2026-10-08,eBilet,1.0,%,0.4,%,False,,not_found,0.4,up_to_%,0.4,%,letyshops,0.4,-0.6,OK,-1.23,0.8,8.12,940.41,12.0,9.36,ACT NOW,DOWN,True,https://letyshops.com/pl/shops/ebilet-pl,,https://alerabat.com/kody-promocyjne/ebilet,https://goodie.pl/marka/ebilet,,,,,,,,,,,,,,
2026-10-08,ModnaKiecka.pl,4.0,%,,not_found,False,,not_found,,not_found,3.33,%,goodie,3.33,-0.67,OK,,,,,,,OPTIMISE,NONE,True,,,,https://goodie.pl/marka/modnakiecka-pl,,,,,,,,,,,,,,
2026-10-08,Gomez,4.0,%,3.3,%,False,,not_found,3.33,up_to_%,3.33,up_to_%,alerabat,3.33,-0.67,OK,6.25,6.7,83.08,1309.49,5.0,76.83,OPTIMISE,NONE,True,https://letyshops.com/pl/shops/gomez-pl,,https://alerabat.com/kody-promocyjne/gomez,https://goodie.pl/marka/gomez-pl,Tradedoubler,A,Fashion,Fashion,True,True,5.57,2.08,27.69,436.5,25.61,5.0,3.0,False
2026-10-08,Alpine Pro,4.8,%,4.0,%,False,2.4,%,4.0,up_to_%,,no cashback,letyshops,4.0,-0.8,OK,,,,,,,OPTIMISE,NONE,True,https://letyshops.com/pl/shops/alpinepro-pl,https://www.picodi.com/pl/alpinepro/offers,https://alerabat.com/kody-promocyjne/alpine-pro,https://goodie.pl/marka/alpine-pro,,,,,,,,,,,,,,
2026-10-08,iDream,3.0,%,,not_found,False,,not_found,2.17,up_to_%,,no cashback,alerabat,2.17,-0.83,OK,-40.66,1.1,434.46000000000004,14692.99,13.0,234.44,ACT NOW,DOWN,True,,,https://alerabat.com/kody-promocyjne/idream,https://goodie.pl/marka/idream,Tradetracker,B,Electronics,Technology,True,True,2.3,-5.81,62.07,2099.0,33.49,13.0,7.0,True
2026-10-08,SeePlaces,3.15,%,2.25,%,False,,not_found,2.25,up_to_%,2.25,%,letyshops,2.25,-0.9,OK,4.31,4.5,13.89,308.58,1.0,9.58,OPTIMISE,NONE,True,https://letyshops.com/pl/shops/seeplaces-pl,,https://alerabat.com/kody-promocyjne/seeplaces,https://goodie.pl/marka/seeplaces,Tradedoubler,F,not_attributed,not_attributed,True,True,4.5,4.31,13.89,308.58,9.58,1.0,1.0,False
2026-10-08,E-Kwiaty,4.0,%,3.0,%,False,,not_found,3.1,up_to_%,3.1,%,alerabat,3.1,-0.9,OK,,,,,,,OPTIMISE,NONE,True,https://letyshops.com/pl/shops/e-kwiaty-pl,,https://alerabat.com/kody-promocyjne/e-kwiaty,https://goodie.pl/marka/e-kwiaty-pl,,,,,,,,,,,,,,
2026-10-08,Renee,6.0,%,3.0,%,False,,not_found,3.0,up_to_%,5.0,%,goodie,5.0,-1.0,OK,8.35,6.0,87.9,1464.9599999999998,15.0,77.33,OPTIMISE,NONE,True,https://letyshops.com/pl-en/shops/renee,,https://alerabat.com/kody-promocyjne/renee-pl,https://goodie.pl/marka/renee-pl,Tradedoubler,A+,Fashion,Fashion,True,True,6.0,1.19,12.56,209.28,11.05,15.0,7.0,False
2026-10-08,Zwieger,3.0,%,2.0,%,False,,not_found,2.0,up_to_%,2.0,%,letyshops,2.0,-1.0,OK,3.44,4.0,14.07,351.77,1.0,10.63,OPTIMISE,NONE,True,https://letyshops.com/pl/shops/zwieger-pl,,https://alerabat.com/kody-promocyjne/zwieger,https://goodie.pl/marka/zwieger,Tradedoubler,E,Home & Garden,Multi-Category,True,True,4.0,3.44,14.07,351.77,10.63,1.0,1.0,False
2026-10-08,Tefal,5.0,%,4.0,%,False,,not_found,3.0,up_to_%,3.08,%,letyshops,4.0,-1.0,OK,13.71,7.8,34.78,448.65,5.0,21.07,OPTIMISE,NONE,True,https://letyshops.com/pl/shops/tefal-pl,,https://alerabat.com/kody-promocyjne/tefal,https://goodie.pl/marka/tefal,Tradedoubler,B,Home & Garden,Multi-Category,True,True,7.78,3.43,8.7,112.16,5.27,5.0,4.0,False
2026-10-08,SportStyleStory,6.0,%,5.0,%,False,,not_found,3.0,up_to_%,3.0,up_to_%,letyshops,5.0,-1.0,OK,11.41,6.0,1283.59,21393.489999999998,13.0,1272.18,OPTIMISE,NONE,True,https://letyshops.com/pl/shops/sportstylestory-pl,,https://alerabat.com/kody-promocyjne/sportstylestory,https://goodie.pl/marka/sportstylestory-com,Tradedoubler,C,Sport Fashion,Fashion,True,True,6.0,2.28,256.72,4278.7,254.44,13.0,5.0,False
2026-10-08,Sony.pl,2.5,%,1.5,%,False,,not_found,1.5,up_to_%,1.5,up_to_%,letyshops,1.5,-1.0,OK,,,,,,,OPTIMISE,NONE,True,https://letyshops.com/pl/shops/sony-pl,,https://alerabat.com/kod-promocyjny/sony-pl,https://goodie.pl/marka/sony-pl,,,,,,,,,,,,,,
2026-10-08,Pandora,4.0,%,3.0,%,False,,not_found,3.0,up_to_%,3.0,%,letyshops,3.0,-1.0,OK,,,,,,,OPTIMISE,NONE,True,https://letyshops.com/pl/shops/pandora-pl,,https://alerabat.com/kody-promocyjne/pandora,https://goodie.pl/marka/pandora,,,,,,,,,,,,,,
2026-10-08,iBOOD,3.0,%,,not_found,False,,not_found,2.0,up_to_%,2.0,up_to_%,alerabat,2.0,-1.0,OK,10.69,2.0,17.65,656.53,9.0,2.92,OPTIMISE,NONE,True,,,https://alerabat.com/kody-promocyjne/ibood,https://goodie.pl/marka/ibood,Webgains,B,Multi-Departments,Multi-Category,True,True,2.14,1.53,2.52,93.79,0.42,9.0,7.0,False
2026-10-08,Kiwi,3.0,%,2.0,%,False,,not_found,1.5,up_to_%,,no cashback,letyshops,2.0,-1.0,OK,,,,,,,OPTIMISE,NONE,True,https://letyshops.com/pl/shops/kiwi,,https://alerabat.com/kody-promocyjne/kiwi,https://goodie.pl/marka/kiwi,Commission Junction,B,Travel agencies,Travel,True,True,3.5,0.42,13.57,438.33,12.49,3.0,3.0,False
2026-10-08,Answear,3.0,%,2.0,%,False,1.2,up_to_%,2.0,up_to_%,2.0,up_to_%,letyshops,2.0,-1.0,OK,405.01,2.8,1230.8700000000001,34251.619999999995,50.0,825.8299999999999,OPTIMISE,NONE,True,https://letyshops.com/pl/shops/answear,https://www.picodi.com/pl/answear-com/offers,https://alerabat.com/kod-promocyjny/answear-com,https://goodie.pl/marka/answear-com,AWIN,AA+,Fashion,Fashion,True,True,3.68,31.15,94.68,2634.74,63.53,50.0,13.0,False
2026-10-08,Brasty,2.0,%,0.5,%,False,,not_found,1.0,up_to_%,,no cashback,alerabat,1.0,-1.0,OK,2.0,1.0,333.01,17089.43,13.0,330.59000000000003,OPTIMISE,NONE,True,https://letyshops.com/pl/shops/brasty-pl,,https://alerabat.com/kody-promocyjne/brasty-pl,https://goodie.pl/marka/brasty,,,,,,,,,,,,,,
2026-10-08,Erli,3.5,%,2.2,%,False,,not_found,2.5,up_to_%,2.2,up_to_%,alerabat,2.5,-1.0,OK,9.180000000000001,3.7,2452.07,75042.91,616.0,2442.87,OPTIMISE,NONE,True,https://letyshops.com/pl-en/shops/erli,,https://alerabat.com/kody-promocyjne/erli,https://goodie.pl/marka/erli-pl,Admitad,A+,Multi-Departments,Multi-Category,True,True,3.38,0.71,188.62,5772.53,187.91,616.0,13.0,False
2026-10-08,Adidas,6.0,%,3.0,%,False,5.0,up_to_%,3.0,up_to_%,3.0,up_to_%,picodi,5.0,-1.0,OK,2.459999999999993,6.0,232.69,6155.219999999999,103.0,230.21000000000004,OPTIMISE,NONE,True,https://letyshops.com/pl/shops/adidas-polska,https://www.picodi.com/pl/adidas-pl/offers,https://alerabat.com/kod-promocyjny/adidas-pl,https://goodie.pl/marka/adidas,,,,,,,,,,,,,,
2026-10-08,Geekbuying.pl,5.0,%,4.0,%,False,,not_found,2.5,up_to_%,4.0,up_to_%,letyshops,4.0,-1.0,OK,15.02,5.0,86.47,1726.92,3.0,71.45,OPTIMISE,NONE,True,https://letyshops.com/pl/shops/geekbuying-pl,,https://alerabat.com/kody-promocyjne/geekbuying,https://goodie.pl/marka/geekbuying-pl,Admitad,C,Electronics,Technology,True,True,5.0,5.01,28.82,575.64,23.82,3.0,3.0,False
2026-10-08,Dermacol,3.0,%,,not_found,False,,not_found,2.0,up_to_%,,not_found,alerabat,2.0,-1.0,OK,-19.65,4.0,27.93,698.16,4.0,47.58,ACT NOW,DOWN,True,,,https://alerabat.com/kody-promocyjne/dermacol,,Commission Junction,E,not_attributed,not_attributed,True,True,4.0,-4.91,6.98,174.54,11.9,4.0,4.0,True
2026-10-08,Streetstyle24,4.5,%,3.45,%,False,,not_found,3.46,up_to_%,3.46,%,alerabat,3.46,-1.04,OK,270.56,6.9,1377.08,19899.93,12.0,1106.5,OPTIMISE,NONE,True,https://letyshops.com/pl/shops/streetstyle24-pl,,https://alerabat.com/kody-promocyjne/streetstyle24-pl,https://goodie.pl/marka/streetstyle24-pl,AWIN,B,Bags & Accessories,Fashion,True,True,6.9,67.64,344.27,4974.98,276.62,12.0,4.0,False
2026-10-08,Kubota,4.5,%,,not_found,False,,not_found,3.45,up_to_%,,not_found,alerabat,3.45,-1.05,OK,,,,,,,OPTIMISE,NONE,True,,,https://alerabat.com/kody-promocyjne/kubota,,,,,,,,,,,,,,,
2026-10-08,Trip.com,3.85,%,2.75,%,False,,not_found,,not_found,2.75,up_to_%,letyshops,2.75,-1.1,OK,60.480000000000004,5.5,320.48,8587.279999999999,16.0,260.0,OPTIMISE,NONE,True,https://letyshops.com/pl/shops/trip-com,,,https://goodie.pl/marka/trip-com,Admitad,E,not_attributed,not_attributed,True,True,4.52,10.08,53.41,1431.21,43.33,16.0,6.0,False
2026-10-08,Bricomarche,4.5,%,2.4,%,False,,not_found,3.2,up_to_%,2.4,%,alerabat,3.2,-1.3,OK,33.54,4.8,260.64,4885.94,67.0,227.1,OPTIMISE,NONE,True,https://letyshops.com/pl/shops/bricomarche-pl,,https://alerabat.com/kody-promocyjne/bricomarche,https://goodie.pl/marka/bricomarche,Tradedoubler,B,Food & Drink,Lifestyle,True,True,5.76,3.35,26.06,488.59,22.71,67.0,10.0,False
2026-10-08,Perfumeria,3.84,%,2.5,%,False,,not_found,2.5,up_to_%,1.92,%,letyshops,2.5,-1.34,OK,0.0,3.8,5.67,147.42000000000002,2.0,5.66,OPTIMISE,NONE,True,https://letyshops.com/pl/shops/perfumeria-pl,,https://alerabat.com/kod-promocyjny/perfumeria-pl,https://goodie.pl/marka/perfumeria-pl,Admitad,B,Health & Beauty,Multi-Category,True,True,3.8,0.0,2.84,73.71,2.83,2.0,2.0,False
2026-10-08,Znak,3.0,%,1.5,%,False,,not_found,1.6,up_to_%,,no cashback,alerabat,1.6,-1.4,OK,0.0,1.6,0.36,23.17,1.0,0.0,OPTIMISE,NONE,True,https://letyshops.com/pl/shops/znak,,https://alerabat.com/kod-promocyjny/znak,https://goodie.pl/marka/znak,Tradetracker,D,Entertainment,Lifestyle,True,True,1.6,0.0,0.36,23.17,0.0,1.0,1.0,False
2026-10-08,ALAB Laboratoria,6.0,%,4.6,%,False,1.9,%,3.12,up_to_%,3.12,%,letyshops,4.6,-1.4,OK,-3.109999999999999,6.2,73.00999999999999,1127.85,19.0,76.11,ACT NOW,DOWN,True,https://letyshops.com/pl/shops/alab-laboratoria-pl,https://www.picodi.com/pl/alablaboratoria/offers,https://alerabat.com/kody-promocyjne/alab,https://goodie.pl/marka/alab-laboratoria,,,,,,,,,,,,,,
2026-10-08,Katalog Marzeń,2.8,%,1.35,%,False,,not_found,,not_found,1.35,up_to_%,letyshops,1.35,-1.45,OK,0.0,2.8,5.86,209.04000000000002,5.0,5.86,OPTIMISE,NONE,True,https://letyshops.com/pl/shops/katalog-marzen-pl,,,https://goodie.pl/marka/katalog-marzen,Admitad,D,Gifts & Flowers,Lifestyle,True,True,2.8,0.0,1.17,41.81,1.17,5.0,5.0,False
2026-10-08,Pitbull,5.0,%,3.5,%,False,,not_found,3.5,up_to_%,,no cashback,letyshops,3.5,-1.5,OK,,,,,,,OPTIMISE,NONE,True,https://letyshops.com/pl/shops/pitbull-pl,,https://alerabat.com/kody-promocyjne/pitbull-shop,https://goodie.pl/marka/pitbull,,,,,,,,,,,,,,
2026-10-08,zooplus,3.0,%,1.5,%,False,,not_found,1.5,up_to_%,1.5,up_to_%,letyshops,1.5,-1.5,OK,-1411.47,1.0,3571.4,150162.56,772.0,4982.88,ACT NOW,DOWN,True,https://letyshops.com/pl/shops/zooplus-pl,,https://alerabat.com/kod-promocyjny/zooplus-pl,https://goodie.pl/marka/zooplus,Tradedoubler,AA,Pets,Lifestyle,True,True,1.71,-88.22,223.21,9385.16,311.43,772.0,16.0,True
2026-10-08,Joom,9.0,%,,no cashback,False,,not_found,7.5,up_to_%,5.25,up_to_%,alerabat,7.5,-1.5,OK,10.549999999999999,9.8,37.19,380.93,11.0,26.64,OPTIMISE,NONE,True,,,https://alerabat.com/kody-promocyjne/joom,https://goodie.pl/marka/joom,Admitad,D,Multi-Departments,Multi-Category,True,True,9.8,2.64,9.3,95.23,6.66,11.0,4.0,False
2026-10-08,Leo Express,4.0,%,,not_found,False,,not_found,2.5,up_to_%,2.5,%,alerabat,2.5,-1.5,OK,1.04,5.0,11.52,155.96,4.0,6.289999999999999,OPTIMISE,NONE,True,,,https://alerabat.com/kody-promocyjne/leoexpress,https://goodie.pl/marka/leoexpress,Commission Junction,E,not_attributed,not_attributed,True,True,8.0,0.35,3.84,51.99,2.1,4.0,3.0,False
2026-10-08,Michael Kors,3.0,%,,no cashback,False,,not_found,1.5,up_to_%,,no cashback,alerabat,1.5,-1.5,OK,0.0,3.0,4.52,150.5,1.0,0.0,OPTIMISE,NONE,True,,,https://alerabat.com/kody-promocyjne/michael-kors,https://goodie.pl/marka/michael-kors,AWIN,C,Fashion,Fashion,True,True,3.0,0.0,4.52,150.5,0.0,1.0,1.0,False
2026-10-08,Gamivo,4.0,%,2.5,%,False,,not_found,2.5,up_to_%,2.5,%,letyshops,2.5,-1.5,OK,-1037.17,5.0,164.13,1667.38,39.0,1197.77,ACT NOW,DOWN,True,https://letyshops.com/pl/shops/gamivo,,https://alerabat.com/kody-promocyjne/gamivo,https://goodie.pl/marka/gamivo,Commission Junction,C,Electronics,Technology,True,True,8.33,-345.72,54.71,555.79,399.26,39.0,3.0,True
2026-10-08,Gameseal,3.0,%,1.5,%,False,,not_found,1.5,up_to_%,1.5,%,letyshops,1.5,-1.5,OK,,,,,,,OPTIMISE,NONE,True,https://letyshops.com/pl/shops/gameseal,,https://alerabat.com/kody-promocyjne/gameseal,https://goodie.pl/marka/gameseal,,,,,,,,,,,,,,
2026-10-08,Castorama,4.0,%,2.0,%,False,,not_found,2.0,up_to_%,2.5,%,goodie,2.5,-1.5,OK,51.169999999999995,4.0,648.6,16216.279999999999,69.0,597.44,OPTIMISE,NONE,True,https://letyshops.com/pl/shops/castorama-pl,,https://alerabat.com/kody-promocyjne/castorama,https://goodie.pl/marka/castorama,Admitad,A,Home & Garden,Multi-Category,True,True,4.0,4.65,58.96,1474.21,54.31,69.0,11.0,False
2026-10-08,Byrokko,8.0,%,4.0,%,False,,not_found,4.5,up_to_%,6.5,up_to_%,goodie,6.5,-1.5,OK,32.11,20.0,50.019999999999996,293.93,3.0,9.64,OPTIMISE,NONE,True,https://letyshops.com/pl/shops/byrokko,,https://alerabat.com/kody-promocyjne/byrokko,https://goodie.pl/marka/byrokko,Commission Junction,E,Health & Beauty,Multi-Category,True,True,16.67,10.7,16.67,97.98,3.21,3.0,3.0,False
2026-10-08,xlmoto,4.0,%,,not_found,False,,not_found,2.5,up_to_%,,not_found,alerabat,2.5,-1.5,OK,,,,,,,OPTIMISE,NONE,True,,,https://alerabat.com/kody-promocyjne/xl-moto,,,,,,,,,,,,,,,
2026-10-08,FlexiSpot,4.0,%,2.5,%,False,,not_found,2.5,up_to_%,2.5,%,letyshops,2.5,-1.5,OK,,,,,,,OPTIMISE,NONE,True,https://letyshops.com/pl/shops/flexispot-pl,,https://alerabat.com/kody-promocyjne/flexispot,https://goodie.pl/marka/flexispot,,,,,,,,,,,,,,
2026-10-08,Flixbus,4.0,%,,no cashback,False,,not_found,2.5,up_to_%,2.5,up_to_%,alerabat,2.5,-1.5,OK,5.16,3.0,40.31,1094.37,83.0,35.14,OPTIMISE,NONE,True,,,https://alerabat.com/kody-promocyjne/flixbus,https://goodie.pl/marka/flixbus-pl,AWIN,B,Transports & Car rental,Travel,True,True,3.69,0.47,3.66,99.49,3.19,83.0,11.0,False
2026-10-08,Eltrox,4.5,%,2.75,%,False,,not_found,3.0,up_to_%,2.75,up_to_%,alerabat,3.0,-1.5,OK,0.0,4.5,289.63,6436.17,4.0,289.64,OPTIMISE,NONE,True,https://letyshops.com/pl/shops/eltrox-pl,,https://alerabat.com/kod-promocyjny/eltrox-pl,https://goodie.pl/marka/eltrox-pl,Tradetracker,D,Electronics,Technology,True,True,4.5,0.0,72.41,1609.04,72.41,4.0,4.0,False
2026-10-08,Dyson,4.0,%,2.4,%,False,,not_found,2.4,up_to_%,2.0,%,letyshops,2.4,-1.6,OK,12.760000000000002,4.0,48.449999999999996,1211.32,6.0,35.69,OPTIMISE,NONE,True,https://letyshops.com/pl-en/shops/dyson-pl,,https://alerabat.com/kody-promocyjne/dyson,https://goodie.pl/marka/dyson,Tradedoubler,A+,Electronics,Technology,True,True,2.0,2.13,8.07,201.89,5.95,6.0,6.0,False
2026-10-08,G2A,3.0,%,1.15,%,False,,not_found,1.15,up_to_%,1.35,%,goodie,1.35,-1.65,OK,0.7099999999999999,3.9,23.33,592.1,37.0,22.630000000000003,OPTIMISE,NONE,True,https://letyshops.com/pl/shops/g2a,,https://alerabat.com/kody-promocyjne/g2a-com,https://goodie.pl/marka/g2a-com,AWIN,A,Online Gaming,Technology,True,True,3.94,0.08,2.59,65.79,2.51,37.0,9.0,False
2026-10-08,Mova,4.2,%,,not_found,False,,not_found,2.5,up_to_%,2.5,%,alerabat,2.5,-1.7,OK,,,,,,,OPTIMISE,NONE,True,,,https://alerabat.com/kody-promocyjne/mova,https://goodie.pl/marka/mova,,,,,,,,,,,,,,
2026-10-08,CCC,5.0,%,3.0,%,False,2.0,up_to_%,3.25,up_to_%,3.25,up_to_%,alerabat,3.25,-1.75,OK,57.52,5.7,200.5,3388.3,72.0,142.98,OPTIMISE,NONE,True,https://letyshops.com/pl-en/shops/ccc-pl,https://www.picodi.com/pl/ccc/offers,https://alerabat.com/kody-promocyjne/ccc,https://goodie.pl/marka/ccc,AWIN,A+,Footwear,Fashion,True,True,5.88,4.79,16.71,282.36,11.92,72.0,12.0,False
2026-10-08,Leroy Merlin,3.5,%,1.75,%,False,1.3,%,1.75,up_to_%,1.75,%,letyshops,1.75,-1.75,OK,65.44,3.5,1159.17,32029.36,149.0,1093.72,OPTIMISE,NONE,True,https://letyshops.com/pl/shops/leroy-merlin,https://www.picodi.com/pl/leroy-merlin/offers,https://alerabat.com/kod-promocyjny/leroy-merlin,https://goodie.pl/marka/leroy-merlin,Commission Junction,AA+,Home & Garden,Multi-Category,True,True,3.79,4.36,77.28,2135.29,72.91,149.0,15.0,False
2026-10-08,7way,3.5,%,1.75,%,False,,not_found,1.75,up_to_%,1.75,%,letyshops,1.75,-1.75,OK,,,,,,,OPTIMISE,NONE,True,https://letyshops.com/pl/shops/7way,,https://alerabat.com/kody-promocyjne/7way,https://goodie.pl/marka/7way,,,,,,,,,,,,,,
2026-10-08,home&you,6.5,%,2.0,%,False,1.2,up_to_%,,not_found,4.75,up_to_%,goodie,4.75,-1.75,OK,-7.18,4.0,340.91999999999996,7178.05,147.0,348.1,ACT NOW,DOWN,True,https://letyshops.com/pl/shops/home-you,https://www.picodi.com/pl/home-you/offers,,https://goodie.pl/marka/homeyou,,,,,,,,,,,,,,
2026-10-08,Aelia,5.0,%,3.25,%,False,2.0,%,3.25,up_to_%,3.25,%,letyshops,3.25,-1.75,OK,23.07,6.5,95.14999999999999,1463.74,2.0,72.08,OPTIMISE,NONE,True,https://letyshops.com/pl/shops/aelia,https://www.picodi.com/pl/aelia/offers,https://alerabat.com/kody-promocyjne/aelia,https://goodie.pl/marka/aelia,Tradedoubler,E,Health & Beauty,Multi-Category,True,True,6.5,11.54,47.58,731.87,36.04,2.0,2.0,False
2026-10-08,Cobi,3.5,%,1.75,%,False,,not_found,1.75,up_to_%,1.75,%,letyshops,1.75,-1.75,OK,0.39,3.0,6.91,230.88,2.0,6.52,OPTIMISE,NONE,True,https://letyshops.com/pl/shops/cobi-pl,,https://alerabat.com/kody-promocyjne/cobi,https://goodie.pl/marka/cobi,Tradetracker,C,Baby & Child,Multi-Category,True,True,3.0,0.39,6.91,230.88,6.52,2.0,1.0,False
2026-10-08,Josera,5.5,%,3.75,%,False,,not_found,3.75,up_to_%,3.1,%,letyshops,3.75,-1.75,OK,,,,,,,OPTIMISE,NONE,True,https://letyshops.com/pl/shops/josera-pl,,https://alerabat.com/kody-promocyjne/josera,https://goodie.pl/marka/josera-pl,,,,,,,,,,,,,,
2026-10-08,4kidspoint,3.5,%,1.75,%,False,,not_found,1.75,up_to_%,,no cashback,letyshops,1.75,-1.75,OK,,,,,,,OPTIMISE,NONE,True,https://letyshops.com/pl/shops/4kidspoint-pl,,https://alerabat.com/kody-promocyjne/4kidspoint-pl,https://goodie.pl/marka/4kidspoint-pl,,,,,,,,,,,,,,
2026-10-08,Reporter Young,3.5,%,,no cashback,False,,not_found,1.75,up_to_%,,not_found,alerabat,1.75,-1.75,OK,0.0,3.5,9.52,272.06,4.0,6.88,OPTIMISE,NONE,True,,,https://alerabat.com/kody-promocyjne/reporter-young,,Admitad,D,Fashion,Fashion,True,True,3.5,0.0,3.17,90.69,2.29,4.0,3.0,False
2026-10-08,Primodo,5.0,%,,not_found,False,,not_found,3.1,up_to_%,,no cashback,alerabat,3.1,-1.9,OK,,,,,,,OPTIMISE,NONE,True,,,https://alerabat.com/kody-promocyjne/primodo,https://goodie.pl/marka/primodo,,,,,,,,,,,,,,
2026-10-08,AUTODOC,7.0,%,5.0,%,False,2.4,up_to_%,4.0,up_to_%,4.0,up_to_%,letyshops,5.0,-2.0,OK,9.5,10.0,76.77000000000001,783.92,2.0,67.27,OPTIMISE,NONE,True,https://letyshops.com/pl/shops/autodoc-pl,https://www.picodi.com/pl/autodoc/offers,https://alerabat.com/kody-promocyjne/autodoc,https://goodie.pl/marka/autodoc,,,,,,,,,,,,,,
2026-10-08,Ucando,4.0,%,2.0,%,False,,not_found,2.0,up_to_%,2.0,%,letyshops,2.0,-2.0,OK,0.0,4.0,17.61,440.31,3.0,17.61,OPTIMISE,NONE,True,https://letyshops.com/pl/shops/ucando,,https://alerabat.com/kody-promocyjne/ucando-pl,https://goodie.pl/marka/ucando-pl,Tradetracker,D,Automotive,Lifestyle,True,True,4.0,0.0,5.87,146.77,5.87,3.0,3.0,False
2026-10-08,DeLonghi,6.0,%,4.0,%,False,,not_found,3.0,up_to_%,3.0,%,letyshops,4.0,-2.0,OK,3.57,6.0,196.8,3279.93,9.0,193.23,OPTIMISE,NONE,True,https://letyshops.com/pl/shops/delonghi-pl,,https://alerabat.com/kody-promocyjne/delonghi,https://goodie.pl/marka/delonghi,,,,,,,,,,,,,,
2026-10-08,Agoda,5.0,%,,no cashback,False,1.8,%,3.0,up_to_%,,no cashback,alerabat,3.0,-2.0,OK,4.39,6.0,16.34,272.46000000000004,10.0,11.96,OPTIMISE,NONE,True,,https://www.picodi.com/pl/agoda/offers,https://alerabat.com/kody-promocyjne/agoda-com,https://goodie.pl/marka/agoda,Commission Junction,B,Travel agencies,Travel,True,True,6.0,1.46,5.45,90.82,3.99,10.0,3.0,False
2026-10-08,Hebe,5.0,%,,no cashback,False,1.8,%,2.5,up_to_%,3.0,%,goodie,3.0,-2.0,OK,-76.23,6.5,228.35,3576.01,155.0,304.59,ACT NOW,DOWN,True,,https://www.picodi.com/pl/hebe/offers,https://alerabat.com/kody-promocyjne/hebe,https://goodie.pl/marka/hebe,Tradedoubler,A,Health & Beauty,Multi-Category,True,True,6.34,-5.44,16.31,255.43,21.76,155.0,14.0,True
2026-10-08,Bimba Y Lola,6.0,%,,not_found,False,2.4,%,4.0,up_to_%,4.0,%,alerabat,4.0,-2.0,OK,,,,,,,OPTIMISE,NONE,True,,https://www.picodi.com/pl/bimba-y-lola/offers,https://alerabat.com/kody-promocyjne/bimba-y-lola,https://goodie.pl/marka/bimba-y-lola,,,,,,,,,,,,,,
2026-10-08,Baseus,4.0,%,2.0,%,False,1.2,%,2.0,up_to_%,,not_found,letyshops,2.0,-2.0,OK,2.51,4.0,14.92,372.85,2.0,12.4,OPTIMISE,NONE,True,https://letyshops.com/pl/shops/baseus-pl,https://www.picodi.com/pl/baseus/offers,https://alerabat.com/kody-promocyjne/baseus,,Admitad,E,Electronics,Technology,True,True,4.0,2.51,14.92,372.85,12.4,2.0,1.0,False
2026-10-08,Fielmann,6.0,%,,not_found,False,,not_found,4.0,up_to_%,4.0,%,alerabat,4.0,-2.0,OK,11.83,8.0,68.5,856.33,7.0,56.67999999999999,OPTIMISE,NONE,True,,,https://alerabat.com/kody-promocyjne/fielmann,https://goodie.pl/marka/fielmann,AWIN,C,Health & Beauty,Multi-Category,True,True,8.0,2.96,17.12,214.08,14.17,7.0,4.0,False
2026-10-08,Kenwood,6.0,%,4.0,%,False,,not_found,3.0,up_to_%,,no cashback,letyshops,4.0,-2.0,OK,0.09,6.0,13.73,228.76,1.0,13.64,OPTIMISE,NONE,True,https://letyshops.com/pl/shops/kenwood-pl,,https://alerabat.com/kody-promocyjne/kenwood,https://goodie.pl/marka/kenwood,Tradedoubler,C,Home & Garden,Multi-Category,True,True,6.0,0.09,13.73,228.76,13.64,1.0,1.0,False
2026-10-08,Maxi Zoo,5.0,%,3.0,%,False,,not_found,3.0,up_to_%,3.0,up_to_%,letyshops,3.0,-2.0,OK,-144.3,3.1,3191.87,103488.44,830.0,3336.18,ACT NOW,DOWN,True,https://letyshops.com/pl/shops/maxi-zoo-pl,,https://alerabat.com/kody-promocyjne/maxi-zoo,https://goodie.pl/marka/maxi-zoo,AWIN,C,Pets,Lifestyle,True,True,2.88,-13.12,290.17,9408.04,303.29,830.0,11.0,True
2026-10-08,Under Armour,6.0,%,2.5,%,False,,not_found,4.0,up_to_%,3.0,%,alerabat,4.0,-2.0,OK,0.0,6.0,5.48,91.28,1.0,5.48,OPTIMISE,NONE,True,https://letyshops.com/pl/shops/under-armour-pl,,https://alerabat.com/kody-promocyjne/under-armour,https://goodie.pl/marka/under-armour,Impact Radius,C,Sport Fashion,Fashion,True,True,6.0,0.0,5.48,91.28,5.48,1.0,1.0,False
2026-10-08,Yope,7.0,%,,no cashback,False,,not_found,5.0,up_to_%,4.5,%,alerabat,5.0,-2.0,OK,,,,,,,OPTIMISE,NONE,True,,,https://alerabat.com/kody-promocyjne/yope,https://goodie.pl/marka/yope,,,,,,,,,,,,,,
2026-10-08,Vision Express,6.3,%,4.2,%,False,,not_found,3.0,up_to_%,4.25,%,goodie,4.25,-2.05,OK,-2.04,8.4,16.91,317.2,8.0,18.94,ACT NOW,DOWN,True,https://letyshops.com/pl/shops/vision-express-pl,,https://alerabat.com/kod-promocyjny/vision-express,https://goodie.pl/marka/vision-express,Commission Junction,B,Bags & Accessories,Fashion,True,True,5.49,-0.29,2.42,45.31,2.71,8.0,7.0,True
2026-10-08,Abra,4.2,%,,not_found,False,1.5,%,,not_found,2.1,%,goodie,2.1,-2.1,OK,53.9,4.2,1169.6399999999999,27848.71,11.0,1115.74,OPTIMISE,NONE,True,,https://www.picodi.com/pl/abra/offers,,https://goodie.pl/marka/abra,Tradedoubler,C,Home & Garden,Multi-Category,True,True,4.2,7.7,167.09,3978.39,159.39,11.0,7.0,False
2026-10-08,Groupon,5.6,%,3.5,%,False,,not_found,3.0,up_to_%,3.5,up_to_%,letyshops,3.5,-2.1,OK,-36.35,8.8,141.85,3657.41,39.0,178.19,ACT NOW,DOWN,True,https://letyshops.com/pl/shops/groupon-pl,,https://alerabat.com/kod-promocyjny/groupon,https://goodie.pl/marka/groupon-pl,AWIN,B,Multi-Departments,Multi-Category,True,True,4.9,-4.04,15.76,406.38,19.8,39.0,9.0,True
2026-10-08,NAOKO,5.0,%,2.8,%,False,,not_found,2.8,up_to_%,2.8,%,letyshops,2.8,-2.2,OK,8.4,5.6,19.69,351.66,2.0,11.28,OPTIMISE,NONE,True,https://letyshops.com/pl/shops/naoko-pl,,https://alerabat.com/kody-promocyjne/na-oko,https://goodie.pl/marka/naoko,Tradedoubler,B,Health & Beauty,Multi-Category,True,True,5.6,8.4,19.69,351.66,11.28,2.0,1.0,False
2026-10-08,Banggood,10.0,%,6.5,%,False,4.7,up_to_%,6.5,up_to_%,7.75,up_to_%,goodie,7.75,-2.25,OK,0.25,6.0,2.34,38.94,2.0,2.08,OPTIMISE,NONE,True,https://letyshops.com/pl/shops/banggood,https://www.picodi.com/pl/banggood-com/offers,https://alerabat.com/kod-promocyjny/banggood-com,https://goodie.pl/marka/banggood,Tradetracker,C,Electronics,Technology,True,True,6.0,0.12,1.17,19.47,1.04,2.0,2.0,False
2026-10-08,Sun & Snow,4.5,%,2.25,%,False,,not_found,2.25,up_to_%,2.25,%,letyshops,2.25,-2.25,OK,30.93,7.0,86.61,1237.22,2.0,55.669999999999995,OPTIMISE,NONE,True,https://letyshops.com/pl/shops/sun-snow-pl,,https://alerabat.com/kody-promocyjne/sunandsnow,https://goodie.pl/marka/sunsnow,,,,,,,,,,,,,,
2026-10-08,Lacoste,8.0,%,5.0,%,False,,not_found,4.0,up_to_%,5.6,%,goodie,5.6,-2.4,OK,0.13,8.0,15.79,197.35,1.0,15.66,OPTIMISE,NONE,True,https://letyshops.com/pl/shops/lacoste-pl,,https://alerabat.com/kody-promocyjne/lacoste,https://goodie.pl/marka/lacoste,Tradedoubler,B,Fashion,Fashion,True,True,8.0,0.13,15.79,197.35,15.66,1.0,1.0,False
2026-10-08,Kinguin,10.0,%,,not_found,False,,not_found,5.0,up_to_%,7.5,up_to_%,goodie,7.5,-2.5,OK,-49.18000000000001,2.5,37.76,1693.19,102.0,86.93,ACT NOW,DOWN,True,,,https://alerabat.com/kody-promocyjne/kinguin-net,https://goodie.pl/marka/kinguin,AWIN,A+,Online Gaming,Technology,True,True,2.31,-3.78,2.9,130.25,6.69,102.0,13.0,True
2026-10-08,Van Graaf,7.0,%,4.5,%,False,,not_found,4.5,up_to_%,,no cashback,letyshops,4.5,-2.5,OK,360.08000000000004,9.0,818.65,8937.45,6.0,458.57,OPTIMISE,NONE,True,https://letyshops.com/pl/shops/van-graaf-pl,,https://alerabat.com/kody-promocyjne/van-graaf,https://goodie.pl/marka/van-graaf,,,,,,,,,,,,,,
2026-10-08,Yves Rocher,5.0,%,2.5,%,False,,not_found,2.5,up_to_%,2.5,%,letyshops,2.5,-2.5,OK,0.0,5.0,5.01,100.28999999999999,2.0,5.01,OPTIMISE,NONE,True,https://letyshops.com/pl/shops/yves-rocher-pl,,https://alerabat.com/kod-promocyjny/yves-rocher,https://goodie.pl/marka/yves-rocher,Commission Junction,C,Health & Beauty,Multi-Category,True,True,5.0,0.0,2.5,50.14,2.5,2.0,2.0,False
2026-10-08,Samsung,5.0,%,2.5,%,False,,not_found,,not_found,2.5,up_to_%,letyshops,2.5,-2.5,OK,20.240000000000002,5.0,199.68,5027.8099999999995,4.0,179.44,OPTIMISE,NONE,True,https://letyshops.com/pl-en/shops/samsung-pl,,,https://goodie.pl/marka/samsung,AWIN,A+,Appliance,Technology,True,True,4.5,5.06,49.92,1256.95,44.86,4.0,4.0,False
2026-10-08,Notino,5.0,%,2.5,%,False,,not_found,,not_found,2.5,up_to_%,letyshops,2.5,-2.5,OK,-81.14999999999999,2.5,2385.15,52784.85,196.0,2466.2799999999997,ACT NOW,DOWN,True,https://letyshops.com/pl-en/shops/notino-pl,,,https://goodie.pl/marka/notino,Commission Junction,AAA,Health & Beauty,Multi-Category,True,True,3.42,-6.76,198.76,4398.74,205.52,196.0,12.0,True
2026-10-08,Levi's,5.0,%,,no cashback,False,,not_found,2.5,up_to_%,,not_found,alerabat,2.5,-2.5,OK,,,,,,,OPTIMISE,NONE,True,,,https://alerabat.com/kody-promocyjne/levis,,,,,,,,,,,,,,,
2026-10-08,Loaded,5.0,%,2.5,%,False,,not_found,2.5,up_to_%,,not_found,letyshops,2.5,-2.5,OK,,,,,,,OPTIMISE,NONE,True,https://letyshops.com/pl/shops/cdkeys,,https://alerabat.com/kody-promocyjne/loaded,,,,,,,,,,,,,,,
2026-10-08,Mango Outlet,3.0,%,,not_found,False,,not_found,0.5,up_to_%,,not_found,alerabat,0.5,-2.5,OK,8.940000000000001,4.0,122.56,1877.39,21.0,113.62,OPTIMISE,NONE,True,,,https://alerabat.com/kody-promocyjne/mango-outlet,,Rakuten,B,Fashion,Fashion,True,True,6.2,1.79,24.51,375.48,22.72,21.0,5.0,False
2026-10-08,e-torty,10.0,%,7.5,%,False,,not_found,7.5,up_to_%,7.5,%,letyshops,7.5,-2.5,OK,8.58,15.0,30.1,200.73000000000002,5.0,15.309999999999999,OPTIMISE,NONE,True,https://letyshops.com/pl/shops/e-torty-pl,,https://alerabat.com/kody-promocyjne/e-torty-pl,https://goodie.pl/marka/e-torty-pl,Tradedoubler,E,not_attributed,not_attributed,True,True,15.0,2.86,10.03,66.91,5.1,5.0,3.0,False
2026-10-08,Euroflorist,10.0,%,7.5,%,False,,not_found,6.0,up_to_%,6.0,%,letyshops,7.5,-2.5,OK,-0.4099999999999999,12.0,9.76,81.35,3.0,10.17,ACT NOW,DOWN,True,https://letyshops.com/pl/shops/euroflorist-pl,,https://alerabat.com/kod-promocyjny/euroflorist,https://goodie.pl/marka/euroflorist,Tradedoubler,D,Unknown,Unknown,True,True,12.0,-0.14,3.25,27.12,3.39,3.0,3.0,True
2026-10-08,ESET,8.5,%,6.0,%,False,,not_found,5.5,up_to_%,5.5,%,letyshops,6.0,-2.5,OK,9.48,10.0,23.38,233.79,3.0,6.21,OPTIMISE,NONE,True,https://letyshops.com/pl/shops/eset-pl,,https://alerabat.com/kody-promocyjne/eset,https://goodie.pl/marka/eset-pl,Commission Junction,A,Electronics,Technology,True,True,10.0,3.16,7.79,77.93,2.07,3.0,3.0,False
2026-10-08,MediaMarkt,6.0,%,3.5,%,False,1.8,up_to_%,3.0,up_to_%,3.0,up_to_%,letyshops,3.5,-2.5,OK,-423.94,1.8,910.3699999999999,40884.28,106.0,1334.32,ACT NOW,DOWN,True,https://letyshops.com/pl/shops/media-markt-pl,https://www.picodi.com/pl/mediamarkt/offers,https://alerabat.com/kod-promocyjny/mediamarkt,https://goodie.pl/marka/media-markt,Tradedoubler,AA+,Electronics,Technology,True,True,2.41,-32.61,70.03,3144.94,102.64,106.0,13.0,True
2026-10-08,Eveline,6.0,%,3.5,%,False,,not_found,,not_found,,not_found,letyshops,3.5,-2.5,OK,-1.5499999999999998,14.0,512.6,7275.92,16.0,512.08,ACT NOW,DOWN,True,https://letyshops.com/pl/shops/eveline-pl,,,,Tradedoubler,C,Health & Beauty,Multi-Category,True,True,7.88,-0.19,64.08,909.49,64.01,16.0,8.0,True
2026-10-08,GetYourGuide,4.0,%,1.15,%,False,,not_found,1.15,up_to_%,1.15,%,letyshops,1.15,-2.85,OK,37.81,5.0,172.62,3452.36,29.0,134.82,OPTIMISE,NONE,True,https://letyshops.com/pl/shops/getyourguide-pl,,https://alerabat.com/kody-promocyjne/getyourguide,https://goodie.pl/marka/getyourguide-pl,Tradedoubler,B,Travel agencies,Travel,True,True,5.0,4.73,21.58,431.54,16.85,29.0,8.0,False
2026-10-08,Marilyn,6.0,%,,not_found,False,,not_found,3.0,up_to_%,3.0,%,alerabat,3.0,-3.0,OK,0.0,6.0,80.10000000000001,1334.86,3.0,80.10000000000001,OPTIMISE,NONE,True,,,https://alerabat.com/kody-promocyjne/e-marilyn-pl,https://goodie.pl/marka/marilyn,Webgains,D,Fashion,Fashion,True,True,6.0,0.0,26.7,444.95,26.7,3.0,3.0,False
2026-10-08,Petkarma,8.0,%,,not_found,False,,not_found,5.0,up_to_%,,no cashback,alerabat,5.0,-3.0,OK,0.0,5.0,73.48,1469.5300000000002,2.0,73.48,OPTIMISE,NONE,True,,,https://alerabat.com/kody-promocyjne/petkarma-pl,https://goodie.pl/marka/petkarma-pl,Commission Junction,D,Pets,Lifestyle,True,True,5.0,0.0,36.74,734.77,36.74,2.0,2.0,False
2026-10-08,Airalo,9.0,%,,not_found,False,3.5,up_to_%,5.76,up_to_%,5.0,%,alerabat,5.76,-3.24,OK,,,,,,,OPTIMISE,NONE,True,,https://www.picodi.com/pl/airalo/offers,https://alerabat.com/kody-promocyjne/airalo,https://goodie.pl/marka/airalo,,,,,,,,,,,,,,
2026-10-08,Allegro,5.5,%,1.7,%,False,1.1,up_to_%,2.2,up_to_%,2.2,up_to_%,alerabat,2.2,-3.3,OK,-20863.5,2.0,14747.11,861523.61,44441.0,35610.6,ACT NOW,DOWN,True,https://letyshops.com/pl-en/shops/allegro-pl,https://www.picodi.com/pl/allegro/offers,https://alerabat.com/kody-promocyjne/allegro,https://goodie.pl/marka/allegro,Admitad,AA,Multi-Departments,Multi-Category,True,True,1.74,-1159.08,819.28,47862.42,1978.37,44441.0,18.0,True
2026-10-08,Desigual,7.7,%,3.8,%,False,,not_found,4.36,up_to_%,3.85,%,alerabat,4.36,-3.34,OK,-0.04,7.7,14.559999999999999,189.6,3.0,14.600000000000001,ACT NOW,DOWN,True,https://letyshops.com/pl/shops/desigual-pl,,https://alerabat.com/kod-promocyjny/desigual,https://goodie.pl/marka/desigual,Admitad,C,Fashion,Fashion,True,True,7.7,-0.02,7.28,94.8,7.3,3.0,2.0,True
2026-10-08,Estro,7.0,%,3.5,%,False,,not_found,3.5,up_to_%,3.5,%,letyshops,3.5,-3.5,OK,0.0,7.0,41.3,590.05,2.0,36.28,OPTIMISE,NONE,True,https://letyshops.com/pl/shops/estro-pl,,https://alerabat.com/kody-promocyjne/estro,https://goodie.pl/marka/estro,Commission Junction,E,Fashion,Fashion,True,True,7.0,0.0,20.65,295.02,18.14,2.0,2.0,False
2026-10-08,EMP,7.0,%,3.5,%,False,,not_found,,not_found,,not_found,letyshops,3.5,-3.5,OK,0.0,4.0,1.96,49.04,1.0,1.96,OPTIMISE,NONE,True,https://letyshops.com/pl/shops/emp-pl,,,,AWIN,C,Entertainment,Lifestyle,True,True,4.0,0.0,1.96,49.04,1.96,1.0,1.0,False
2026-10-08,HP,7.0,%,3.5,%,False,,not_found,3.5,up_to_%,,not_found,letyshops,3.5,-3.5,OK,0.0,7.0,2.58,36.9,1.0,2.58,OPTIMISE,NONE,True,https://letyshops.com/pl/shops/hp-pl,,https://alerabat.com/kody-promocyjne/hp,,Tradedoubler,C,Electronics,Technology,True,True,7.0,0.0,2.58,36.9,2.58,1.0,1.0,False
2026-10-08,Philips Hue,7.0,%,3.5,%,False,,not_found,3.5,up_to_%,3.5,%,letyshops,3.5,-3.5,OK,,,,,,,OPTIMISE,NONE,True,https://letyshops.com/pl/shops/philips-hue-pl,,https://alerabat.com/kody-promocyjne/philips-hue,https://goodie.pl/marka/philips-hue,,,,,,,,,,,,,,
2026-10-08,NEONAIL,7.0,%,3.5,%,False,,not_found,3.5,up_to_%,3.5,%,letyshops,3.5,-3.5,OK,0.0,7.0,4.71,67.27,2.0,4.71,OPTIMISE,NONE,True,https://letyshops.com/pl/shops/neonail,,https://alerabat.com/kody-promocyjne/neo-nail,https://goodie.pl/marka/neonail,,,,,,,,,,,,,,
2026-10-08,Pan Materac,8.0,%,4.0,%,False,,not_found,4.0,up_to_%,4.0,%,letyshops,4.0,-4.0,OK,-4.98,8.0,2758.2599999999998,34478.06,15.0,2763.24,ACT NOW,DOWN,True,https://letyshops.com/pl/shops/pan-materac,,https://alerabat.com/kody-promocyjne/pan-materac,https://goodie.pl/marka/pan-materac,Tradedoubler,A,Home & Garden,Multi-Category,True,True,8.0,-0.62,344.78,4309.76,345.4,15.0,8.0,True
2026-10-08,Puma,6.0,%,,no cashback,False,,not_found,1.0,up_to_%,2.0,up_to_%,goodie,2.0,-4.0,OK,0.0,6.0,328.08,5497.76,7.0,328.08,OPTIMISE,NONE,True,,,https://alerabat.com/kody-promocyjne/puma,https://goodie.pl/marka/puma,Commission Junction,C,Sport Fashion,Fashion,True,True,5.75,0.0,54.68,916.29,54.68,7.0,6.0,False
2026-10-08,Skechers,8.5,%,,not_found,False,,not_found,4.25,up_to_%,,no cashback,alerabat,4.25,-4.25,OK,-4.75,5.0,2.38,47.5,1.0,7.12,ACT NOW,DOWN,True,,,https://alerabat.com/kody-promocyjne/skechers,https://goodie.pl/marka/skechers,Commission Junction,E,Footwear,Fashion,True,True,5.0,-4.75,2.38,47.5,7.12,1.0,1.0,True
2026-10-08,Endo,9.0,%,,no cashback,False,,not_found,4.5,up_to_%,4.5,%,alerabat,4.5,-4.5,OK,0.0,9.0,109.91,1221.22,2.0,109.91,OPTIMISE,NONE,True,,,https://alerabat.com/kod-rabatowy/endo,https://goodie.pl/marka/endo,AWIN,E,Fashion,Fashion,True,True,9.0,0.0,54.96,610.61,54.96,2.0,2.0,False
2026-10-08,Sephora,9.0,%,4.5,%,False,3.3,up_to_%,3.0,up_to_%,4.5,up_to_%,letyshops,4.5,-4.5,OK,0.5199999999999996,3.0,104.93,3084.27,35.0,104.44,OPTIMISE,NONE,True,https://letyshops.com/pl-en/shops/sephora-pl,https://www.picodi.com/pl/sephora/offers,https://alerabat.com/kod-promocyjny/sephora,https://goodie.pl/marka/sephora,AWIN,A+,Fashion,Fashion,True,True,3.58,0.04,7.5,220.3,7.46,35.0,14.0,False
2026-10-08,Dstreet,9.0,%,4.5,%,False,,not_found,4.5,up_to_%,4.5,%,letyshops,4.5,-4.5,OK,0.0,9.0,752.17,8357.6,17.0,746.23,OPTIMISE,NONE,True,https://letyshops.com/pl/shops/dstreet,,https://alerabat.com/kody-promocyjne/dstreet-pl,https://goodie.pl/marka/dstreet,,,,,,,,,,,,,,
2026-10-08,AXA Partners,15.0,%,,not_found,False,6.0,%,10.0,up_to_%,10.0,%,alerabat,10.0,-5.0,OK,63.56,20.0,172.18999999999997,860.9499999999999,6.0,93.9,OPTIMISE,NONE,True,,https://www.picodi.com/pl/axa-assistance/offers,https://alerabat.com/kody-promocyjne/axa-partners,https://goodie.pl/marka/axa-partners,Commission Junction,B,Finance & Insurance,Services,True,True,20.0,21.19,57.4,286.98,31.3,6.0,3.0,False
2026-10-08,Douglas,10.0,%,5.0,%,False,3.0,up_to_%,4.0,up_to_%,4.0,up_to_%,letyshops,5.0,-5.0,OK,-19.08,7.3,169.11,2090.09,33.0,188.19,ACT NOW,DOWN,True,https://letyshops.com/pl-en/shops/douglas,https://www.picodi.com/pl/douglas/offers,https://alerabat.com/kod-promocyjny/douglas-pl,https://goodie.pl/marka/douglas,AWIN,AA+,Health & Beauty,Multi-Category,True,True,7.19,-1.91,16.91,209.01,18.82,33.0,10.0,True
2026-10-08,Sinsay,10.0,%,5.0,%,False,,not_found,5.0,up_to_%,5.0,up_to_%,letyshops,5.0,-5.0,OK,63.480000000000004,10.0,295.78000000000003,2966.09,130.0,232.29999999999998,OPTIMISE,NONE,True,https://letyshops.com/pl-en/shops/sinsay-pl,,https://alerabat.com/kod-promocyjny/sinsay,https://goodie.pl/marka/sinsay,Tradedoubler,AA+,Fashion,Fashion,True,True,9.6,12.7,59.16,593.22,46.46,130.0,5.0,False
2026-10-08,Wrangler,10.0,%,5.0,%,False,,not_found,5.0,up_to_%,5.0,%,letyshops,5.0,-5.0,OK,,,,,,,OPTIMISE,NONE,True,https://letyshops.com/pl/shops/wrangler-pl,,https://alerabat.com/kody-promocyjne/wrangler,https://goodie.pl/marka/wrangler,,,,,,,,,,,,,,
2026-10-08,JD Sports,7.5,%,2.5,%,False,,not_found,2.5,up_to_%,2.5,%,letyshops,2.5,-5.0,OK,-3.1399999999999997,2.0,22.869999999999997,523.33,7.0,26.01,ACT NOW,DOWN,True,https://letyshops.com/pl/shops/jd-sports-pl,,https://alerabat.com/kody-promocyjne/jd-sports,https://goodie.pl/marka/jdsports,AWIN,A,Footwear,Fashion,True,True,5.03,-0.45,3.27,74.76,3.72,7.0,7.0,True
2026-10-08,MyProtein,10.0,%,3.0,%,False,,not_found,5.0,up_to_%,4.0,%,alerabat,5.0,-5.0,OK,,,,,,,OPTIMISE,NONE,True,https://letyshops.com/pl/shops/myprotein-pl,,https://alerabat.com/kod-promocyjny/myprotein,https://goodie.pl/marka/myprotein,,,,,,,,,,,,,,
2026-10-08,Empik Foto,10.0,%,5.0,%,False,,not_found,5.0,up_to_%,5.0,up_to_%,letyshops,5.0,-5.0,OK,,,,,,,OPTIMISE,NONE,True,https://letyshops.com/pl/shops/empikfoto-pl,,https://alerabat.com/kod-promocyjny/empikfoto-pl,https://goodie.pl/marka/empik-foto,,,,,,,,,,,,,,
2026-10-08,BIG STAR,9.0,%,3.5,%,False,1.8,%,3.0,up_to_%,3.25,%,letyshops,3.5,-5.5,OK,,,,,,,OPTIMISE,NONE,True,https://letyshops.com/pl/shops/big-star-pl,https://www.picodi.com/pl/big-star/offers,https://alerabat.com/kod-promocyjny/bigstar,https://goodie.pl/marka/big-star,,,,,,,,,,,,,,
2026-10-08,Alibaba,8.4,%,,no cashback,False,2.5,up_to_%,2.8,up_to_%,2.8,up_to_%,alerabat,2.8,-5.6,OK,3.07,2.1,105.78,1983.9299999999998,11.0,102.71,OPTIMISE,NONE,True,,https://www.picodi.com/pl/alibaba/offers,https://alerabat.com/kody-promocyjne/alibaba-com,https://goodie.pl/marka/alibaba-pl,Admitad,E,Multi-Departments,Multi-Category,True,True,4.62,0.61,21.16,396.79,20.54,11.0,5.0,False
2026-10-08,Colorland,11.5,%,,no cashback,False,,not_found,1.75,up_to_%,5.75,%,goodie,5.75,-5.75,OK,-12.68,3.5,14.41,255.66,7.0,22.17,ACT NOW,DOWN,True,,,https://alerabat.com/kody-promocyjne/colorland,https://goodie.pl/marka/colorland,Tradetracker,A,Gifts & Flowers,Lifestyle,True,True,7.46,-2.54,2.88,51.13,4.43,7.0,5.0,True
2026-10-08,Legimi,15.0,%,7.5,%,False,,not_found,7.5,up_to_%,9.2,up_to_%,goodie,9.2,-5.8,OK,0.0,560.8,2206.98,470.83,958.0,2206.98,OPTIMISE,NONE,True,https://letyshops.com/pl/shops/legimi-pl,,https://alerabat.com/kody-promocyjne/legimi,https://goodie.pl/marka/legimi,AWIN,B,Entertainment,Lifestyle,True,True,951.16,0.0,200.63,42.8,200.63,958.0,11.0,False
2026-10-08,Lounge by Zalando,12.0,%,6.0,%,False,3.6,up_to_%,6.0,up_to_%,3.0,up_to_%,letyshops,6.0,-6.0,OK,323.27,0.9,1563.08,37687.4,515.0,1239.78,OPTIMISE,NONE,True,https://letyshops.com/pl-en/shops/zalando-lounge-pl,https://www.picodi.com/pl/zalando-lounge/offers,https://alerabat.com/kody-promocyjne/lounge-by-zalando,https://goodie.pl/marka/lounge-by-zalando,,,,,,,,,,,,,,
2026-10-08,SHEIN,13.5,%,5.0,%,False,4.5,up_to_%,7.5,up_to_%,7.5,up_to_%,alerabat,7.5,-6.0,OK,-70.38,1.0,352.68,8955.28,283.0,423.06,ACT NOW,DOWN,True,https://letyshops.com/pl/shops/shein-pl,https://www.picodi.com/pl/shein/offers,https://alerabat.com/kody-promocyjne/shein,https://goodie.pl/marka/shein,,,,,,,,,,,,,,
2026-10-08,New Balance,10.0,%,2.5,%,False,,not_found,2.5,up_to_%,3.75,up_to_%,goodie,3.75,-6.25,OK,-22.900000000000002,5.0,51.45,1094.78,12.0,58.64,ACT NOW,DOWN,True,https://letyshops.com/pl/shops/new-balance-pl,,https://alerabat.com/kody-promocyjne/new-balance,https://goodie.pl/marka/new-balance,AWIN,A,Sport Fashion,Fashion,True,True,5.27,-3.27,7.35,156.4,8.38,12.0,7.0,True
2026-10-08,H&M,8.0,%,1.5,%,False,,not_found,1.0,up_to_%,,no cashback,letyshops,1.5,-6.5,OK,,,,,,,OPTIMISE,NONE,True,https://letyshops.com/pl-en/shops/h-m-pl,,https://alerabat.com/kody-promocyjne/h-m,https://goodie.pl/marka/hm,,,,,,,,,,,,,,
2026-10-08,Parfumdreams,12.0,%,,no cashback,False,,not_found,,no cashback,5.0,up_to_%,goodie,5.0,-7.0,OK,0.0,5.0,9.92,198.33999999999997,2.0,9.92,OPTIMISE,NONE,True,,,https://alerabat.com/kody-promocyjne/parfumdreams,https://goodie.pl/marka/parfumdreams,AWIN,D,Health & Beauty,Multi-Category,True,True,5.0,0.0,4.96,99.17,4.96,2.0,2.0,False
2026-10-08,AirHelp,20.0,%,7.5,%,False,4.5,%,12.5,up_to_%,10.0,up_to_%,alerabat,12.5,-7.5,OK,-9.67,20.0,19.33,96.66,1.0,29.0,ACT NOW,DOWN,True,https://letyshops.com/pl/shops/airhelp,https://www.picodi.com/pl/air-help/offers,https://alerabat.com/kody-promocyjne/air-help,https://goodie.pl/marka/airhelp,Commission Junction,E,not_attributed,not_attributed,True,True,20.0,-9.67,19.33,96.66,29.0,1.0,1.0,True
2026-10-08,Lampy.pl,14.0,%,6.0,%,False,,not_found,4.0,up_to_%,4.0,up_to_%,letyshops,6.0,-8.0,OK,-2.24,5.0,222.1,2859.2599999999998,5.0,217.0,ACT NOW,DOWN,True,https://letyshops.com/pl/shops/lampy-pl,,https://alerabat.com/kod-promocyjny/lampy-pl,https://goodie.pl/marka/lampy-pl,AWIN,B,Home & Garden,Multi-Category,True,True,6.88,-0.56,55.52,714.82,54.25,5.0,4.0,True
2026-10-08,iHerb,15.0,%,2.0,%,False,,not_found,0.5,up_to_%,2.0,up_to_%,letyshops,2.0,-13.0,OK,-49.65,4.0,92.58,1651.24,29.0,142.24,ACT NOW,DOWN,True,https://letyshops.com/pl/shops/iherb,,https://alerabat.com/kody-promocyjne/iherb,https://goodie.pl/marka/iherb,Admitad,B,Health & Beauty,Multi-Category,True,True,5.07,-4.51,8.42,150.11,12.93,29.0,11.0,True
2026-10-08,Pyszne.pl,25.0,%,1.5,%,False,,not_found,1.5,up_to_%,1.5,up_to_%,letyshops,1.5,-23.5,OK,-671.59,3.0,179.92,5777.4,297.0,851.49,ACT NOW,DOWN,True,https://letyshops.com/pl-en/shops/pyszne-pl,,https://alerabat.com/kod-promocyjny/pyszne-pl,https://goodie.pl/marka/pyszne-pl,AWIN,A,Food & Drink,Lifestyle,True,True,3.19,-47.97,12.85,412.67,60.82,297.0,14.0,True
2026-10-08,Temu,50.0,%,10.0,%,False,20.7,up_to_%,17.5,up_to_%,16.0,up_to_%,picodi,20.7,-29.3,OK,1598.77,11.2,14597.62,95963.26,4703.0,12998.85,OPTIMISE,NONE,True,https://letyshops.com/pl/shops/temu,https://www.picodi.com/pl/temu/offers,https://alerabat.com/kody-promocyjne/temu,https://goodie.pl/marka/temu,Impact Radius,AAA,Multi-Departments,Multi-Category,True,True,12.89,106.58,973.17,6397.55,866.59,4703.0,15.0,False
2026-10-08,Proton VPN,70.0,%,,not_found,False,,not_found,40.0,up_to_%,,not_found,alerabat,40.0,-30.0,OK,0.24,0.0,1.92,0.0,1.0,1.68,OPTIMISE,NONE,True,,,https://alerabat.com/kody-promocyjne/proton-vpn,,Admitad,F,not_attributed,not_attributed,True,True,0.0,0.24,1.92,0.0,1.68,1.0,1.0,False
2026-10-08,LycaMobile,42.0,%,,no cashback,False,,not_found,10.0,up_to_%,10.0,%,alerabat,10.0,-32.0,OK,,,,,,,OPTIMISE,NONE,True,,,https://alerabat.com/kody-promocyjne/lyca-mobile,https://goodie.pl/marka/lycamobile,,,,,,,,,,,,,,
2026-10-08,Amazon,,no cashback,5.0,%,False,3.0,up_to_%,5.0,up_to_%,5.0,up_to_%,letyshops,5.0,,OK,,,,,,,NO DATA,NONE,False,https://letyshops.com/pl/shops/amazon-pl,https://www.picodi.com/pl/amazon-com/offers,https://alerabat.com/kody-promocyjne/amazon-de,https://goodie.pl/marka/amazon,,,,,,,,,,,,,,
2026-10-08,Bank Pekao,,zł,,not_found,False,,not_found,,not_found,,not_found,,,,OK,,,,,,,NO DATA,NONE,False,,,,,,,,,,,,,,,,,,
2026-10-08,BeDiet,,no cashback,,no cashback,False,,not_found,5.0,up_to_%,,no cashback,alerabat,5.0,,OK,,,,,,,NO DATA,NONE,False,,,https://alerabat.com/kody-promocyjne/bediet,https://goodie.pl/marka/bediet,,,,,,,,,,,,,,
2026-10-08,Bricoman,6.0,%,,no cashback,False,,not_found,,no cashback,,no cashback,,,,OK,,,,,,,NO DATA,NONE,False,,,https://alerabat.com/kody-promocyjne/bricoman-pl,https://goodie.pl/marka/bricoman,,,,,,,,,,,,,,
2026-10-08,Brooks,6.0,%,,not_found,False,,not_found,,no cashback,,not_found,,,,OK,,,,,,,NO DATA,NONE,False,,,https://alerabat.com/kody-promocyjne/brooks,,,,,,,,,,,,,,,
2026-10-08,Canal Plus,,zł,,no cashback,False,,not_found,,not_found,,not_found,,,,OK,,,,,,,NO DATA,NONE,False,,,,,,,,,,,,,,,,,,
2026-10-08,Dedoles,,no cashback,,not_found,False,,not_found,,no cashback,,not_found,,,,OK,0.0,8.0,1.19,14.87,2.0,1.19,NO DATA,NONE,False,,,https://alerabat.com/kody-promocyjne/dedoles,,No Affiliate Network,C,Fashion,Fashion,True,False,8.0,0.0,1.19,14.87,1.19,2.0,1.0,False
2026-10-08,DHL,,zł,2.5,%,False,,not_found,5.0,up_to_%,,no cashback,alerabat,5.0,,OK,1.18,8.0,6.580000000000001,65.83,6.0,1.17,NO DATA,NONE,False,https://letyshops.com/pl/shops/dhl-pl,,https://alerabat.com/kody-promocyjne/dhl,https://goodie.pl/marka/dhl,No Affiliate Network,B,Utilities,Services,True,False,9.17,0.39,2.19,21.94,0.39,6.0,3.0,False
2026-10-08,Disney+,,zł,1.7,%,False,,not_found,5.0,up_to_%,,no cashback,alerabat,5.0,,OK,-3.5699999999999985,0.0,63.410000000000004,157.67000000000002,9.0,66.98,NO DATA,NONE,False,https://letyshops.com/pl/shops/disney,,https://alerabat.com/kody-promocyjne/disney,https://goodie.pl/marka/disney,Impact Radius,A+,Entertainment,Lifestyle,True,True,33.52,-0.89,15.85,39.42,16.74,9.0,4.0,True
2026-10-08,Eurofirany,,no cashback,3.5,%,False,,not_found,2.85,up_to_%,2.85,%,letyshops,3.5,,OK,-0.32,5.0,101.26,2031.72,2.0,101.59,NO DATA,NONE,False,https://letyshops.com/pl/shops/eurofirany,,https://alerabat.com/kody-promocyjne/eurofirany-com-pl,https://goodie.pl/marka/eurofirany,No Affiliate Network,B,Home & Garden,Multi-Category,True,False,5.0,-0.32,101.26,2031.72,101.59,2.0,1.0,True
2026-10-08,Feniko,,zł,,not_found,False,,not_found,5.0,up_to_%,,not_found,alerabat,5.0,,OK,,,,,,,NO DATA,NONE,False,,,https://alerabat.com/kody-promocyjne/feniko,,,,,,,,,,,,,,,
2026-10-08,Footdistrict,8.0,%,,not_found,False,,not_found,,not_found,,not_found,,,,OK,,,,,,,NO DATA,NONE,False,,,,,,,,,,,,,,,,,,
2026-10-08,Gunfire,,no cashback,,no cashback,False,,not_found,,no cashback,,not_found,,,,OK,,,,,,,NO DATA,NONE,False,,,https://alerabat.com/kody-promocyjne/gunfire,,,,,,,,,,,,,,,
2026-10-08,IKEA,4.0,%,,no cashback,False,,not_found,,no cashback,,no cashback,,,,OK,,,,,,,NO DATA,NONE,False,,,https://alerabat.com/kody-promocyjne/ikea,https://goodie.pl/marka/ikea,,,,,,,,,,,,,,
2026-10-08,Justjoinit,13.0,%,,not_found,False,,not_found,,no cashback,,not_found,,,,OK,,,,,,,NO DATA,NONE,False,,,https://alerabat.com/kody-promocyjne/justjoin-it,,,,,,,,,,,,,,,
2026-10-08,Konesso,,no cashback,,no cashback,False,,not_found,5.0,up_to_%,,no cashback,alerabat,5.0,,OK,-24.389999999999997,4.1,111.19,3662.46,8.0,135.59,NO DATA,NONE,False,,,https://alerabat.com/kody-promocyjne/konesso-pl,https://goodie.pl/marka/konesso,No Affiliate Network,A+,Food & Drink,Lifestyle,True,False,3.2,-6.1,27.8,915.62,33.9,8.0,4.0,True
2026-10-08,Morele.net,,zł,0.5,%,False,,not_found,5.0,up_to_%,0.25,%,alerabat,5.0,,OK,,,,,,,NO DATA,NONE,False,https://letyshops.com/pl/shops/morele-net,,https://alerabat.com/kod-promocyjny/morele-net,https://goodie.pl/marka/morele-net,,,,,,,,,,,,,,
2026-10-08,MyHeritage DNA,4.0,%,,not_found,False,,not_found,,not_found,,not_found,,,,OK,,,,,,,NO DATA,NONE,False,,,,,,,,,,,,,,,,,,
2026-10-08,Neness,6.0,%,,no cashback,False,,not_found,,no cashback,,no cashback,,,,OK,,,,,,,NO DATA,NONE,False,,,https://alerabat.com/kody-promocyjne/perfumeria-neness,https://goodie.pl/marka/neness,,,,,,,,,,,,,,
2026-10-08,Nike,,no cashback,,no cashback,False,,not_found,5.0,up_to_%,,no cashback,alerabat,5.0,,OK,-34.83,3.0,32.370000000000005,1078.82,15.0,67.19000000000001,NO DATA,NONE,False,,,https://alerabat.com/kody-promocyjne/nike,https://goodie.pl/marka/nike,No Affiliate Network,B,Sport Fashion,Fashion,True,False,3.0,-8.71,8.09,269.7,16.8,15.0,4.0,True
2026-10-08,NordVPN,,no cashback,20.0,%,False,,not_found,21.97,up_to_%,20.0,%,alerabat,21.97,,OK,0.0,40.0,49.09,122.72,2.0,49.09,NO DATA,NONE,False,https://letyshops.com/pl/shops/nord-vpn,,https://alerabat.com/kody-promocyjne/nordvpn,https://goodie.pl/marka/nordvpn,AWIN,A,Connectivity - Telco,Services,True,True,40.0,0.0,24.54,61.36,24.54,2.0,2.0,False
2026-10-08,norton,,no cashback,,no cashback,False,,not_found,10.0,up_to_%,,no cashback,alerabat,10.0,,OK,,,,,,,NO DATA,NONE,False,,,https://alerabat.com/kody-promocyjne/norton,https://goodie.pl/marka/norton,,,,,,,,,,,,,,
2026-10-08,Novakid,,zł,,no cashback,False,,not_found,5.0,up_to_%,,no cashback,alerabat,5.0,,OK,0.0,0.0,0.0,0.0,4.0,0.0,NO DATA,NONE,False,,,https://alerabat.com/kody-promocyjne/novakid,https://goodie.pl/marka/novakid,Commission Junction,C,Baby & Child,Multi-Category,True,True,0.0,0.0,0.0,0.0,0.0,4.0,2.0,False
2026-10-08,Play,,zł,2.5,%,False,,not_found,5.0,up_to_%,,no cashback,alerabat,5.0,,OK,-0.38999999999999996,294.1,290.54,105.42,5.0,290.93,NO DATA,NONE,False,https://letyshops.com/pl/shops/play-pl,,https://alerabat.com/kod-promocyjny/play,https://goodie.pl/marka/play,Tradedoubler,D,Connectivity - Telco,Services,True,True,308.25,-0.1,72.64,26.36,72.73,5.0,4.0,True
2026-10-08,Pleso,,zł,,not_found,False,,not_found,5.0,up_to_%,,not_found,alerabat,5.0,,OK,,,,,,,NO DATA,NONE,False,,,https://alerabat.com/kody-promocyjne/pleso,,,,,,,,,,,,,,,
2026-10-08,Plus,,zł,,no cashback,False,,not_found,5.0,up_to_%,,no cashback,alerabat,5.0,,OK,,,,,,,NO DATA,NONE,False,,,https://alerabat.com/kody-promocyjne/plus,https://goodie.pl/marka/plus,,,,,,,,,,,,,,
2026-10-08,Preply,,zł,5.0,%,False,,not_found,35.0,up_to_%,35.0,up_to_%,alerabat,35.0,,OK,0.0,50.8,36.45,71.74,2.0,36.45,NO DATA,NONE,False,https://letyshops.com/pl/shops/preply,,https://alerabat.com/kody-promocyjne/preply,https://goodie.pl/marka/preply,Admitad,C,Education,Lifestyle,True,False,50.8,0.0,36.45,71.74,36.45,2.0,1.0,False
2026-10-08,PWN,2.7,%,,not_found,False,,not_found,,not_found,,not_found,,,,OK,,,,,,,NO DATA,NONE,False,,,,,,,,,,,,,,,,,,
2026-10-08,Recman,5.0,%,,no cashback,False,,not_found,,not_found,,no cashback,,,,OK,,,,,,,NO DATA,NONE,False,,,,https://goodie.pl/marka/recman,,,,,,,,,,,,,,
2026-10-08,RedBull Mobile,,no cashback,,no cashback,False,,not_found,5.0,up_to_%,,no cashback,alerabat,5.0,,OK,,,,,,,NO DATA,NONE,False,,,https://alerabat.com/kod-promocyjny/redbullmobile-pl,https://goodie.pl/marka/red-bull-mobile,,,,,,,,,,,,,,
2026-10-08,SkyShowtime,,zł,1.7,%,False,,not_found,5.0,up_to_%,,no cashback,alerabat,5.0,,OK,,,,,,,NO DATA,NONE,False,https://letyshops.com/pl/shops/skyshowtime-pl,,https://alerabat.com/kody-promocyjne/skyshowtime,https://goodie.pl/marka/sky-showtime,,,,,,,,,,,,,,
2026-10-08,Stradivarius,,no cashback,3.0,%,False,,not_found,3.0,up_to_%,2.5,%,letyshops,3.0,,OK,,,,,,,NO DATA,NONE,False,https://letyshops.com/pl/shops/stradivarius-pl,,https://alerabat.com/kod-promocyjny/stradivarius,https://goodie.pl/marka/stradivarius,,,,,,,,,,,,,,
2026-10-08,Surfshark,,zł,2.5,%,False,,not_found,20.0,up_to_%,20.0,%,alerabat,20.0,,OK,,,,,,,NO DATA,NONE,False,https://letyshops.com/pl/shops/surfshark,,https://alerabat.com/kody-promocyjne/surfshark,https://goodie.pl/marka/surfshark,Admitad,B,Automotive,Lifestyle,True,True,21.7,0.0,21.32,98.18,21.32,1.0,1.0,False
2026-10-08,TestDNA,,no cashback,,not_found,False,,not_found,,no cashback,,not_found,,,,OK,,,,,,,NO DATA,NONE,False,,,https://alerabat.com/kody-promocyjne/testdna,,,,,,,,,,,,,,,
2026-10-08,Uber,,no cashback,,no cashback,False,,not_found,5.0,up_to_%,,no cashback,alerabat,5.0,,OK,,,,,,,NO DATA,NONE,False,,,https://alerabat.com/kody-promocyjne/uber,https://goodie.pl/marka/uber,,,,,,,,,,,,,,
2026-10-08,Unisono,,no cashback,,not_found,False,,not_found,,no cashback,,no cashback,,,,OK,,,,,,,NO DATA,NONE,False,,,https://alerabat.com/kod-promocyjny/unisono,https://goodie.pl/marka/unisono,,,,,,,,,,,,,,
2026-10-08,Vans,4.0,%,,no cashback,False,,not_found,,no cashback,,no cashback,,,,OK,,,,,,,NO DATA,NONE,False,,,https://alerabat.com/kody-promocyjne/vans,https://goodie.pl/marka/vans,,,,,,,,,,,,,,
2026-10-08,Vasco Electronics,,zł,,no cashback,False,,not_found,,no cashback,,no cashback,,,,OK,0.0,4.0,22.49,562.3,1.0,0.0,NO DATA,NONE,False,,,https://alerabat.com/kody-promocyjne/vasco-electronics,https://goodie.pl/marka/vasco-electronics,No Affiliate Network,F,not_attributed,not_attributed,True,False,4.0,0.0,22.49,562.3,0.0,1.0,1.0,False
2026-10-08,Wolt,,zł,,no cashback,False,,not_found,5.0,up_to_%,,no cashback,alerabat,5.0,,OK,-1.21,41.4,8.71,71.03,4.0,9.920000000000002,NO DATA,NONE,False,,,https://alerabat.com/kody-promocyjne/wolt,https://goodie.pl/marka/wolt,,,,,,,,,,,,,,
2026-10-08,x-kom,,no cashback,0.65,%,False,,not_found,5.0,up_to_%,0.63,%,alerabat,5.0,,OK,,,,,,,NO DATA,NONE,False,https://letyshops.com/pl/shops/x-kom-pl,,https://alerabat.com/kod-promocyjny/x-kom-pl,https://goodie.pl/marka/x-kom-pl,,,,,,,,,,,,,,
2026-10-08,Zalando,,zł,,no cashback,False,,not_found,4.0,up_to_%,,no cashback,alerabat,4.0,,OK,,,,,,,NO DATA,NONE,False,,,https://alerabat.com/kod-promocyjny/zalando-pl,https://goodie.pl/marka/zalando,,,,,,,,,,,,,,
2026-10-08,Orange Flex,,no cashback,,not_found,False,,not_found,5.0,up_to_%,,no cashback,alerabat,5.0,,OK,,,,,,,NO DATA,NONE,False,,,https://alerabat.com/kody-promocyjne/orange-flex,https://goodie.pl/marka/orange-flex,,,,,,,,,,,,,,
2026-10-08,Your KAYA,,no cashback,,no cashback,False,,not_found,5.0,up_to_%,,no cashback,alerabat,5.0,,OK,0.61,7.0,7.3100000000000005,104.36,2.0,6.7,NO DATA,NONE,False,,,https://alerabat.com/kody-promocyjne/your-kaya,https://goodie.pl/marka/yourkaya,No Affiliate Network,E,Health & Beauty,Multi-Category,False,False,7.0,0.3,3.66,52.18,3.35,2.0,2.0,False
2026-10-08,Airbnb,,no cashback,,not_found,False,,not_found,,no cashback,,not_found,,,,OK,,,,,,,NO DATA,NONE,False,,,https://alerabat.com/kod-promocyjny/airbnb-com,,,,,,,,,,,,,,,
2026-10-08,Carinii,,no cashback,,no cashback,False,,not_found,5.0,up_to_%,,no cashback,alerabat,5.0,,OK,,,,,,,NO DATA,NONE,False,,,https://alerabat.com/kody-promocyjne/carinii,https://goodie.pl/marka/carinii,,,,,,,,,,,,,,
2026-10-08,Duka,,no cashback,,no cashback,False,,not_found,,no cashback,,no cashback,,,,OK,,,,,,,NO DATA,NONE,False,,,https://alerabat.com/kody-promocyjne/duka,https://goodie.pl/marka/duka,,,,,,,,,,,,,,
2026-10-08,Kaufland,,no cashback,,not_found,False,,not_found,5.0,up_to_%,,no cashback,alerabat,5.0,,OK,,,,,,,NO DATA,NONE,False,,,https://alerabat.com/kody-promocyjne/kaufland,https://goodie.pl/marka/kaufland,,,,,,,,,,,,,,
2026-10-08,Kolba,,no cashback,,no cashback,False,,not_found,,no cashback,,no cashback,,,,OK,,,,,,,NO DATA,NONE,False,,,https://alerabat.com/kod-promocyjny/kolba-pl,https://goodie.pl/marka/kolba-pl,,,,,,,,,,,,,,
2026-10-08,KROSS,,no cashback,,not_found,False,,not_found,,no cashback,,no cashback,,,,OK,,,,,,,NO DATA,NONE,False,,,https://alerabat.com/kody-promocyjne/kross,https://goodie.pl/marka/kross,,,,,,,,,,,,,,
2026-10-08,Mango,,no cashback,,no cashback,False,,not_found,,no cashback,,no cashback,,,,OK,,,,,,,NO DATA,NONE,False,,,https://alerabat.com/kody-promocyjne/mango,https://goodie.pl/marka/mango,,,,,,,,,,,,,,
2026-10-08,Nintendo eShop,,no cashback,,not_found,False,,not_found,,no cashback,,not_found,,,,OK,,,,,,,NO DATA,NONE,False,,,https://alerabat.com/kody-promocyjne/nintendo-eshop,,,,,,,,,,,,,,,
2026-10-08,OnePlus,,no cashback,,no cashback,False,,not_found,,no cashback,,no cashback,,,,OK,,,,,,,NO DATA,NONE,False,,,https://alerabat.com/kody-promocyjne/oneplus,https://goodie.pl/marka/oneplus,,,,,,,,,,,,,,
2026-10-08,Sportofino,,no cashback,2.1,%,False,,not_found,,no cashback,2.1,%,letyshops,2.1,,OK,,,,,,,NO DATA,NONE,False,https://letyshops.com/pl/shops/sportofino-pl,,https://alerabat.com/kody-promocyjne/sportofino,https://goodie.pl/marka/sportofino,,,,,,,,,,,,,,
2026-10-08,Spotify,,no cashback,,not_found,False,,not_found,,no cashback,,no cashback,,,,OK,,,,,,,NO DATA,NONE,False,,,https://alerabat.com/kody-promocyjne/spotify,https://goodie.pl/marka/spotify,,,,,,,,,,,,,,
2026-10-08,Ticketmaster,,no cashback,,no cashback,False,,not_found,,no cashback,,no cashback,,,,OK,,,,,,,NO DATA,NONE,False,,,https://alerabat.com/kody-promocyjne/ticketmaster,https://goodie.pl/marka/ticketmaster-pl,,,,,,,,,,,,,,
2026-10-08,Tołpa,,no cashback,,no cashback,False,,not_found,1.5,up_to_%,,no cashback,alerabat,1.5,,OK,,,,,,,NO DATA,NONE,False,,,https://alerabat.com/kod-promocyjny/tolpa,https://goodie.pl/marka/tolpa,,,,,,,,,,,,,,
2026-10-08,Top Hi Fi,,no cashback,,no cashback,False,,not_found,,no cashback,,no cashback,,,,OK,,,,,,,NO DATA,NONE,False,,,https://alerabat.com/kody-promocyjne/tophifi,https://goodie.pl/marka/tophifi-pl,,,,,,,,,,,,,,
2026-10-08,YES,,no cashback,,not_found,False,,not_found,,no cashback,,no cashback,,,,OK,,,,,,,NO DATA,NONE,False,,,https://alerabat.com/kody-promocyjne/yes,https://goodie.pl/marka/yes,,,,,,,,,,,,,,
2026-10-08,Zegarownia,,no cashback,,no cashback,False,,not_found,0.5,up_to_%,,no cashback,alerabat,0.5,,OK,,,,,,,NO DATA,NONE,False,,,https://alerabat.com/kody-promocyjne/zegarownia,https://goodie.pl/marka/zegarownia,,,,,,,,,,,,,,
