date,retailer,igraal_slug,goodie_rate,goodie_rate_type,goodie_url
2026-09-02,AliExpress,aliexpress,60.0,up_to_%,https://goodie.pl/marka/aliexpress
2026-09-02,Allegro,allegro,2.2,up_to_%,https://goodie.pl/marka/allegro
2026-09-02,Answear,answear,2.0,up_to_%,https://goodie.pl/marka/answear-com
2026-09-02,Decathlon,decathlon,1.75,%,https://goodie.pl/marka/decathlon
2026-09-02,Empik,empik,7.5,up_to_%,https://goodie.pl/marka/empik
2026-09-02,Lounge by Zalando,zalando-lounge,3.0,up_to_%,https://goodie.pl/marka/lounge-by-zalando
2026-09-02,MediaMarkt,mediamarkt,3.0,up_to_%,https://goodie.pl/marka/media-markt
2026-09-02,Temu,temu,16.0,up_to_%,https://goodie.pl/marka/temu
2026-09-02,SHEIN,shein,7.5,up_to_%,https://goodie.pl/marka/shein
2026-09-02,RTV Euro AGD,rtveuro,7.0,up_to_%,https://goodie.pl/marka/rtv-euro-agd
2026-09-02,Lidl,lidl,0.5,%,https://goodie.pl/marka/lidl
2026-09-02,Leroy Merlin,leroymerlin,1.75,%,https://goodie.pl/marka/leroy-merlin
2026-09-02,CCC,ccc,3.25,up_to_%,https://goodie.pl/marka/ccc
2026-09-02,Hebe,hebe,,no cashback,https://goodie.pl/marka/hebe
2026-09-02,OBI,obi,2.5,%,https://goodie.pl/marka/obi
2026-09-02,Adidas,adidas,3.0,up_to_%,https://goodie.pl/marka/adidas
2026-09-02,Sephora,sephora,4.5,up_to_%,https://goodie.pl/marka/sephora
2026-09-02,Douglas,douglas,4.0,up_to_%,https://goodie.pl/marka/douglas
2026-09-02,home&you,home-you,4.75,up_to_%,https://goodie.pl/marka/homeyou
2026-09-02,Abra,abra,2.1,%,https://goodie.pl/marka/abra
2026-09-02,Acer,acer,4.0,%,https://goodie.pl/marka/acer
2026-09-02,Aclari,aclari,,not_found,
2026-09-02,Aelia,aelia,3.25,%,https://goodie.pl/marka/aelia
2026-09-02,Agoda,agoda,,no cashback,https://goodie.pl/marka/agoda
2026-09-02,Airalo,airalo,5.0,%,https://goodie.pl/marka/airalo
2026-09-02,AirHelp,airhelp,10.0,up_to_%,https://goodie.pl/marka/airhelp
2026-09-02,ALAB Laboratoria,alab-laboratoria,3.12,%,https://goodie.pl/marka/alab-laboratoria
2026-09-02,Alibaba,alibaba.com,2.8,up_to_%,https://goodie.pl/marka/alibaba-pl
2026-09-02,Alpine Pro,alpinepro,,no cashback,https://goodie.pl/marka/alpine-pro
2026-09-02,Amazon,amazon,5.0,up_to_%,https://goodie.pl/marka/amazon
2026-09-02,Audioteka,audioteka,6.0,up_to_%,https://goodie.pl/marka/audioteka
2026-09-02,AUTODOC,autodoc,4.0,up_to_%,https://goodie.pl/marka/autodoc
2026-09-02,AXA Partners,axa-partners,10.0,%,https://goodie.pl/marka/axa-partners
2026-09-02,Banggood,banggood,7.75,up_to_%,https://goodie.pl/marka/banggood
2026-09-02,Bank Pekao,bank-pekao,,not_found,
2026-09-02,Baseus,baseus,,not_found,
2026-09-02,BasicLab,basiclab,,not_found,
2026-09-02,BeDiet,bediet,,no cashback,https://goodie.pl/marka/bediet
2026-09-02,BIG STAR,bigstar,3.25,%,https://goodie.pl/marka/big-star
2026-09-02,Bimba Y Lola,bimbaylola,4.0,%,https://goodie.pl/marka/bimba-y-lola
2026-09-02,Bonprix,bonprix,3.0,up_to_%,https://goodie.pl/marka/bonprix
2026-09-02,Born2Be,born2be,3.0,up_to_%,https://goodie.pl/marka/born2be
2026-09-02,Brainmarket,brainmarket,,not_found,
2026-09-02,Brasty,brasty,,no cashback,https://goodie.pl/marka/brasty
2026-09-02,Bricoman,bricoman,,no cashback,https://goodie.pl/marka/bricoman
2026-09-02,Bricomarche,bricomarche,2.4,%,https://goodie.pl/marka/bricomarche
2026-09-02,Brooks,brooks,,not_found,
2026-09-02,Byrokko,byrokko,6.5,up_to_%,https://goodie.pl/marka/byrokko
2026-09-02,Canal Plus,canalplus,,not_found,
2026-09-02,Carrefour,carrefour,1.75,%,https://goodie.pl/marka/carrefour
2026-09-02,Castorama,castorama,2.5,%,https://goodie.pl/marka/castorama
2026-09-02,Ceneo,ceneo,,not_found,
2026-09-02,Cobi,cobi,1.75,%,https://goodie.pl/marka/cobi
2026-09-02,Cocolita,cocolita,2.25,up_to_%,https://goodie.pl/marka/cocolita
2026-09-02,Colorland,colorland,5.75,%,https://goodie.pl/marka/colorland
2026-09-02,Converse,converse,3.0,%,https://goodie.pl/marka/converse
2026-09-02,Crocs,crocs,,no cashback,https://goodie.pl/marka/crocs
2026-09-02,Cropp,cropp,3.0,%,https://goodie.pl/marka/cropp
2026-09-02,Cyfrowe.pl,cyfrowe.pl,2.0,up_to_%,https://goodie.pl/marka/cyfrowe-pl
2026-09-02,Dedoles,dedoles,,not_found,
2026-09-02,DeLonghi,delonghi,3.0,%,https://goodie.pl/marka/delonghi
2026-09-02,Dermacol,dermacol,,not_found,
2026-09-02,Desigual,desigual,3.85,%,https://goodie.pl/marka/desigual
2026-09-02,DHgate,dhgate,1.75,%,https://goodie.pl/marka/dhgate
2026-09-02,DHL,dhl,,no cashback,https://goodie.pl/marka/dhl
2026-09-02,Diablo Chairs,diablochairs,2.25,%,https://goodie.pl/marka/diablochairs
2026-09-02,Disney+,disneyplus,,no cashback,https://goodie.pl/marka/disney
2026-09-02,Drogeria.pl,drogeria.pl,2.25,%,https://goodie.pl/marka/drogeria-pl
2026-09-02,Dstreet,dstreet,4.5,%,https://goodie.pl/marka/dstreet
2026-09-02,Dyson,dyson,2.0,%,https://goodie.pl/marka/dyson
2026-09-02,E-Kwiaty,e-kwiaty,3.1,%,https://goodie.pl/marka/e-kwiaty-pl
2026-09-02,e-torty,e-torty,7.5,%,https://goodie.pl/marka/e-torty-pl
2026-09-02,eBilet,ebilet,0.4,%,https://goodie.pl/marka/ebilet
2026-09-02,Ecco,ecco,2.5,up_to_%,https://goodie.pl/marka/ecco
2026-09-02,Egmont,egmont,3.0,%,https://goodie.pl/marka/egmont-pl
2026-09-02,Electrolux,electrolux,2.0,%,https://goodie.pl/marka/electrolux
2026-09-02,Eltrox,eltrox,2.75,up_to_%,https://goodie.pl/marka/eltrox-pl
2026-09-02,EMP,emp,,not_found,
2026-09-02,Empik Foto,empikfoto,5.0,up_to_%,https://goodie.pl/marka/empik-foto
2026-09-02,Endo,endo,4.5,%,https://goodie.pl/marka/endo
2026-09-02,eobuwie,eobuwie,5.0,up_to_%,https://goodie.pl/marka/eobuwie-pl
2026-09-02,Erli,erli,2.2,up_to_%,https://goodie.pl/marka/erli-pl
2026-09-02,ESET,eset,5.5,%,https://goodie.pl/marka/eset-pl
2026-09-02,eSky,esky,1.75,%,https://goodie.pl/marka/esky-pl
2026-09-02,Estro,estro,3.5,%,https://goodie.pl/marka/estro
2026-09-02,Eurofirany,eurofirany,2.85,%,https://goodie.pl/marka/eurofirany
2026-09-02,Euroflorist,euroflorist,6.0,%,https://goodie.pl/marka/euroflorist
2026-09-02,Eveline,eveline,,not_found,
2026-09-02,Eventim,eventim,1.0,%,https://goodie.pl/marka/eventim
2026-09-02,eZebra,ezebra,4.0,up_to_%,https://goodie.pl/marka/e-zebra-pl
2026-09-02,Feniko,feniko,,not_found,
2026-09-02,Fera,fera,2.0,%,https://goodie.pl/marka/fera
2026-09-02,Fielmann,fielmann,4.0,%,https://goodie.pl/marka/fielmann
2026-09-02,Flexispot,flexispot,2.5,%,https://goodie.pl/marka/flexispot
2026-09-02,Flixbus,flixbus,2.5,up_to_%,https://goodie.pl/marka/flixbus-pl
2026-09-02,Footdistrict,footdistrict,,not_found,
2026-09-02,Footshop,footshop,2.5,up_to_%,https://goodie.pl/marka/footshop-pl
2026-09-02,Foreo,foreo,3.75,%,https://goodie.pl/marka/foreo
2026-09-02,FotoForma,fotoforma,1.5,%,https://goodie.pl/marka/fotoforma
2026-09-02,G2A,g2a,1.35,%,https://goodie.pl/marka/g2a-com
2026-09-02,Gameseal,gameseal,1.5,%,https://goodie.pl/marka/gameseal
2026-09-02,Gamivo,gamivo,2.5,%,https://goodie.pl/marka/gamivo
2026-09-02,Geekbuying.pl,geekbuying,4.0,up_to_%,https://goodie.pl/marka/geekbuying-pl
2026-09-02,GetYourGuide,getyourguide,1.15,%,https://goodie.pl/marka/getyourguide-pl
2026-09-02,Giacomo Conti,giacomo,5.0,%,https://goodie.pl/marka/giacomo-conti
2026-09-02,GOG,gog,3.0,%,https://goodie.pl/marka/gog-com
2026-09-02,Gomez,gomez,3.33,up_to_%,https://goodie.pl/marka/gomez-pl
2026-09-02,Green Touch,greentouch,2.75,%,https://goodie.pl/marka/greentouch-pl
2026-09-02,Greenpoint,greenpoint,4.0,%,https://goodie.pl/marka/greenpoint
2026-09-02,Groupon,groupon,3.0,up_to_%,https://goodie.pl/marka/groupon-pl
2026-09-02,Gunfire,gunfire,,not_found,
2026-09-02,H&M,hm,,no cashback,https://goodie.pl/marka/hm
2026-09-02,Homla,homla,2.0,%,https://goodie.pl/marka/homla
2026-09-02,HP,hp,,not_found,
2026-09-02,Huawei,huawei,3.6,up_to_%,https://goodie.pl/marka/huawei
2026-09-02,iBOOD,ibood,2.0,up_to_%,https://goodie.pl/marka/ibood
2026-09-02,iDream,idream,,no cashback,https://goodie.pl/marka/idream
2026-09-02,iHerb,iherb,2.0,up_to_%,https://goodie.pl/marka/iherb
2026-09-02,IKEA,ikea,,no cashback,https://goodie.pl/marka/ikea
2026-09-02,Intymna,intymna,,not_found,
2026-09-02,iParts,iparts,,no cashback,https://goodie.pl/marka/iparts
2026-09-02,JD Sports,jdsports,2.5,%,https://goodie.pl/marka/jdsports
2026-09-02,Joom,joom,5.25,up_to_%,https://goodie.pl/marka/joom
2026-09-02,Josera,josera,3.1,%,https://goodie.pl/marka/josera-pl
2026-09-02,Justjoinit,justjoinit,,not_found,
2026-09-02,Katalog Marzeń,katalog-marzen,1.35,up_to_%,https://goodie.pl/marka/katalog-marzen
2026-09-02,Kenwood,kenwood,,no cashback,https://goodie.pl/marka/kenwood
2026-09-02,KFC,kfc,2.77,%,https://goodie.pl/marka/kfc
2026-09-02,Kinguin,kinguin,7.5,up_to_%,https://goodie.pl/marka/kinguin
2026-09-02,Kiwi,kiwi,,no cashback,https://goodie.pl/marka/kiwi
2026-09-02,Komputronik,komputronik,0.75,%,https://goodie.pl/marka/komputronik
2026-09-02,Konesso,konesso,,no cashback,https://goodie.pl/marka/konesso
2026-09-02,Krakvet,krakvet,,not_found,
2026-09-02,Kubenz,kubenz,,no cashback,https://goodie.pl/marka/kubenz
2026-09-02,Kubota,kubota,,not_found,
2026-09-02,KurJerzy.pl,kurjerzy.pl,,not_found,
2026-09-02,Lacoste,lacoste,5.6,%,https://goodie.pl/marka/lacoste
2026-09-02,Lampy.pl,lampy,4.0,up_to_%,https://goodie.pl/marka/lampy-pl
2026-09-02,Legimi,legimi,9.2,up_to_%,https://goodie.pl/marka/legimi
2026-09-02,LEGO,lego,3.5,up_to_%,https://goodie.pl/marka/lego
2026-09-02,Leo Express,leoexpress,2.5,%,https://goodie.pl/marka/leoexpress
2026-09-02,Levi's,levis,,not_found,
2026-09-02,LG,lg,1.0,up_to_%,https://goodie.pl/marka/lg
2026-09-02,Loaded,cdkeys,,not_found,
2026-09-02,Lokalny Rolnik,lokalnyrolnik,2.8,%,https://goodie.pl/marka/lokalny-rolnik
2026-09-02,Lookfantastic,lookfantastic,5.0,up_to_%,https://goodie.pl/marka/lookfantastic
2026-09-02,LOT,lot,,not_found,
2026-09-02,Lufthansa,lufthansa,,no cashback,https://goodie.pl/marka/lufthansa
2026-09-02,Mamyito,mamyito,4.0,%,https://goodie.pl/marka/mamyito-pl
2026-09-02,Mango Outlet,mango-outlet,,not_found,
2026-09-02,Marilyn,marilyn,3.0,%,https://goodie.pl/marka/marilyn
2026-09-02,Max Elektro,maxelektro,1.0,%,https://goodie.pl/marka/max-elektro-pl
2026-09-02,Maxi Zoo,maxizoo,3.0,up_to_%,https://goodie.pl/marka/maxi-zoo
2026-09-02,MebleMWM,meblemwm,,no cashback,https://goodie.pl/marka/meblemwm-pl
2026-09-02,Medicine,wearmedicine,,not_found,
2026-09-02,Merkury Market,merkurymarket,,no cashback,https://goodie.pl/marka/merkurymarket-pl
2026-09-02,Michael Kors,michaelkors,,no cashback,https://goodie.pl/marka/michael-kors
2026-09-02,Modivo,modivo.pl,5.0,up_to_%,https://goodie.pl/marka/modivo
2026-09-02,ModnaKiecka.pl,modnakiecka.pl,3.33,%,https://goodie.pl/marka/modnakiecka-pl
2026-09-02,Morele.net,morele,0.25,%,https://goodie.pl/marka/morele-net
2026-09-02,Mountain Warehouse,mountainwarehouse,3.0,%,https://goodie.pl/marka/mountain-warehouse
2026-09-02,Mova,mova,2.5,%,https://goodie.pl/marka/mova
2026-09-02,MyHeritage DNA,myheritagedna,,not_found,
2026-09-02,MyProtein,myprotein,4.0,%,https://goodie.pl/marka/myprotein
2026-09-02,NAOKO,naoko,2.8,%,https://goodie.pl/marka/naoko
2026-09-02,Neness,neness,,no cashback,https://goodie.pl/marka/neness
2026-09-02,NEONAIL,neonail,3.5,%,https://goodie.pl/marka/neonail
2026-09-02,Neonet,neonet,1.5,up_to_%,https://goodie.pl/marka/neonet
2026-09-02,New Balance,nbsklep,2.5,up_to_%,https://goodie.pl/marka/new-balance
2026-09-02,Nike,nike,,no cashback,https://goodie.pl/marka/nike
2026-09-02,Ninja,ninja,,not_found,
2026-09-02,NordVPN,nordvpn,20.0,%,https://goodie.pl/marka/nordvpn
2026-09-02,norton,norton,12.5,up_to_%,https://goodie.pl/marka/norton
2026-09-02,Notino,notino,2.5,up_to_%,https://goodie.pl/marka/notino
2026-09-02,Novakid,novakid,,no cashback,https://goodie.pl/marka/novakid
2026-09-02,OleOle!,oleole,2.0,up_to_%,https://goodie.pl/marka/oleole
2026-09-02,Olimp Store,olimp-store,,no cashback,https://goodie.pl/marka/olimp-store
2026-09-02,Orange,orange,1.06,up_to_%,https://goodie.pl/marka/orange
2026-09-02,Pan Materac,panmaterac,4.0,%,https://goodie.pl/marka/pan-materac
2026-09-02,Pandora,pandora,3.0,%,https://goodie.pl/marka/pandora
2026-09-02,Parfumdreams,parfumdreams,5.0,up_to_%,https://goodie.pl/marka/parfumdreams
2026-09-02,Peek & Cloppenburg,peek-and-cloppenburg,1.5,%,https://goodie.pl/marka/peekcloppenburg
2026-09-02,Perfumeria,perfumeria.pl,1.92,%,https://goodie.pl/marka/perfumeria-pl
2026-09-02,Perfumy.pl,perfumy,2.8,%,https://goodie.pl/marka/perfumy
2026-09-02,Petkarma,petkarma,,no cashback,https://goodie.pl/marka/petkarma-pl
2026-09-02,Philips,philips,5.0,%,https://goodie.pl/marka/philips
2026-09-02,Philips Hue,philips-hue,3.5,%,https://goodie.pl/marka/philips-hue
2026-09-02,Pitbull,pitbull,,no cashback,https://goodie.pl/marka/pitbull
2026-09-02,Play,play,,no cashback,https://goodie.pl/marka/play
2026-09-02,Pleso,plesotherapy,,not_found,
2026-09-02,Plus,plus,,no cashback,https://goodie.pl/marka/plus
2026-09-02,Preply,preply,35.0,up_to_%,https://goodie.pl/marka/preply
2026-09-02,Primodo,primodo,,no cashback,https://goodie.pl/marka/primodo
2026-09-02,PRM,prm,,not_found,
2026-09-02,Proton VPN,protonvpn,,not_found,
2026-09-02,Przyjaciele Kawy,przyjacielekawy,3.7,up_to_%,https://goodie.pl/marka/przyjacielekawy-pl
2026-09-02,Puma,puma,2.0,up_to_%,https://goodie.pl/marka/puma
2026-09-02,PWN,pwn,,not_found,
2026-09-02,Pyszne.pl,pyszne,1.5,up_to_%,https://goodie.pl/marka/pyszne-pl
2026-09-02,Radisson Hotels,radissonhotels,2.0,%,https://goodie.pl/marka/radisson-hotels
2026-09-02,Recman,recman,,no cashback,https://goodie.pl/marka/recman
2026-09-02,RedBull Mobile,redbullmobile,,no cashback,https://goodie.pl/marka/red-bull-mobile
2026-09-02,Regatta,regatta,2.5,%,https://goodie.pl/marka/regatta
2026-09-02,Renee,renee,5.0,up_to_%,https://goodie.pl/marka/renee-pl
2026-09-02,Reporter Young,reporteryoung,,not_found,
2026-09-02,Rocketjobs.pl,rocketjobs,,not_found,
2026-09-02,Ryobi,ryobi,3.88,%,https://goodie.pl/marka/ryobi
2026-09-02,Samsung,samsung,2.5,up_to_%,https://goodie.pl/marka/samsung
2026-09-02,SeePlaces,seeplaces,2.25,%,https://goodie.pl/marka/seeplaces
2026-09-02,Sferis,sferis,7.5,up_to_%,https://goodie.pl/marka/sferis
2026-09-02,Sinsay,sinsay,5.0,up_to_%,https://goodie.pl/marka/sinsay
2026-09-02,Skechers,skechers,,no cashback,https://goodie.pl/marka/skechers
2026-09-02,SkyShowtime,skyshowtime,,no cashback,https://goodie.pl/marka/sky-showtime
2026-09-02,Smyk,smyk,1.5,up_to_%,https://goodie.pl/marka/smyk
2026-09-02,Sony.pl,sony,1.5,up_to_%,https://goodie.pl/marka/sony-pl
2026-09-02,SportStyleStory,sportstylestory,3.0,up_to_%,https://goodie.pl/marka/sportstylestory-com
2026-09-02,Stradivarius,stradivarius,2.5,%,https://goodie.pl/marka/stradivarius
2026-09-02,Streetstyle24,streetstyle24,3.46,%,https://goodie.pl/marka/streetstyle24-pl
2026-09-02,Stylevana,stylevana,3.6,%,https://goodie.pl/marka/stylevana
2026-09-02,Sun & Snow,sun-and-snow,3.5,%,https://goodie.pl/marka/sunsnow
2026-09-02,Surfshark,surfshark,20.0,%,https://goodie.pl/marka/surfshark
2026-09-02,Świat supli,swiatsupli,,not_found,
2026-09-02,Tagomago,tagomago,2.5,%,https://goodie.pl/marka/tagomago-pl
2026-09-02,Tanie-opony.pl,tanie-opony.pl,3.0,%,https://goodie.pl/marka/tanie-opony-pl
2026-09-02,Tefal,tefal,3.08,%,https://goodie.pl/marka/tefal
2026-09-02,Tescoma,tescoma,3.5,%,https://goodie.pl/marka/tescoma
2026-09-02,TestDNA,testdna,,not_found,
2026-09-02,Teufel,teufel,2.0,%,https://goodie.pl/marka/teufel
2026-09-02,Top Secret,topsecret,,no cashback,https://goodie.pl/marka/top-secret
2026-09-02,Trip.com,trip-com,2.75,up_to_%,https://goodie.pl/marka/trip-com
2026-09-02,Triverna,triverna,2.4,up_to_%,https://goodie.pl/marka/triverna
2026-09-02,Twojemeble.pl,twojemeble.pl,2.5,%,https://goodie.pl/marka/twojemeble-pl
2026-09-02,Uber,uber,,no cashback,https://goodie.pl/marka/uber
2026-09-02,Ubisoft,ubisoft,0.21,%,https://goodie.pl/marka/ubisoft
2026-09-02,Ucando,ucando,2.0,%,https://goodie.pl/marka/ucando-pl
2026-09-02,Udemy,udemy,,no cashback,https://goodie.pl/marka/udemy
2026-09-02,Under Armour,under-armour,3.0,%,https://goodie.pl/marka/under-armour
2026-09-02,Unisono,unisono,,no cashback,https://goodie.pl/marka/unisono
2026-09-02,uPacjenta,upacjenta,2.8,%,https://goodie.pl/marka/upacjenta
2026-09-02,Van Graaf,vangraaf,,no cashback,https://goodie.pl/marka/van-graaf
2026-09-02,Vans,vans,,no cashback,https://goodie.pl/marka/vans
2026-09-02,Vasco Electronics,vascoelectronics,,no cashback,https://goodie.pl/marka/vasco-electronics
2026-09-02,Venezia,venezia,2.0,up_to_%,https://goodie.pl/marka/venezia
2026-09-02,Victoria's Secret,victorias-secret,,not_found,
2026-09-02,VidaXL,vidaxl,2.0,%,https://goodie.pl/marka/vida-xl
2026-09-02,Vision Express,visionexpress,4.25,%,https://goodie.pl/marka/vision-express
2026-09-02,Vobis,vobis,1.75,up_to_%,https://goodie.pl/marka/vobis
2026-09-02,Wolt,wolt,,no cashback,https://goodie.pl/marka/wolt
2026-09-02,Wrangler,wrangler,5.0,%,https://goodie.pl/marka/wrangler
2026-09-02,x-kom,x-kom,0.63,%,https://goodie.pl/marka/x-kom-pl
2026-09-02,Xiaomi,mi,2.5,%,https://goodie.pl/marka/xiaomi
2026-09-02,xlmoto,xlmoto,,not_found,
2026-09-02,Yanosik,yanosik,2.0,%,https://goodie.pl/marka/yanosik-pl
2026-09-02,Yope,yope,4.5,%,https://goodie.pl/marka/yope
2026-09-02,Yves Rocher,yves-rocher,2.5,%,https://goodie.pl/marka/yves-rocher
2026-09-02,Zalando,zalando.pl,,no cashback,https://goodie.pl/marka/zalando
2026-09-02,Zelmer,zelmer,,no cashback,https://goodie.pl/marka/zelmer
2026-09-02,Znak,znak,,no cashback,https://goodie.pl/marka/znak
2026-09-02,zooplus,zooplus,1.5,up_to_%,https://goodie.pl/marka/zooplus
2026-09-02,Zwieger,zwieger,2.0,%,https://goodie.pl/marka/zwieger
2026-09-02,24mx,24mx,,not_found,
2026-09-02,4kidspoint,4kidspoint,,no cashback,https://goodie.pl/marka/4kidspoint-pl
2026-09-02,7way,7way,1.75,%,https://goodie.pl/marka/7way
2026-09-02,Orange Flex,orangeflex,,no cashback,https://goodie.pl/marka/orange-flex
2026-09-02,Your KAYA,yourkaya,,no cashback,https://goodie.pl/marka/yourkaya
2026-09-02,Airbnb,airbnb,,not_found,
2026-09-02,Carinii,carinii,,no cashback,https://goodie.pl/marka/carinii
2026-09-02,Duka,duka,,no cashback,https://goodie.pl/marka/duka
2026-09-02,Kaufland,kaufland,,no cashback,https://goodie.pl/marka/kaufland
2026-09-02,Kolba,kolba,,no cashback,https://goodie.pl/marka/kolba-pl
2026-09-02,KROSS,kross,,no cashback,https://goodie.pl/marka/kross
2026-09-02,LycaMobile,lyca-mobile,10.0,%,https://goodie.pl/marka/lycamobile
2026-09-02,Mango,mango,,no cashback,https://goodie.pl/marka/mango
2026-09-02,Nintendo eShop,nintendo-eshop,,not_found,
2026-09-02,OnePlus,oneplus,,no cashback,https://goodie.pl/marka/oneplus
2026-09-02,Sportofino,sportofino,2.1,%,https://goodie.pl/marka/sportofino
2026-09-02,Spotify,spotify,,no cashback,https://goodie.pl/marka/spotify
2026-09-02,Ticketmaster,ticketmaster,,no cashback,https://goodie.pl/marka/ticketmaster-pl
2026-09-02,Tołpa,tolpa,,no cashback,https://goodie.pl/marka/tolpa
2026-09-02,Top Hi Fi,tophifi,,no cashback,https://goodie.pl/marka/tophifi-pl
2026-09-02,YES,yes,,no cashback,https://goodie.pl/marka/yes
2026-09-02,Zegarownia,zegarownia,,no cashback,https://goodie.pl/marka/zegarownia
