date,retailer,slug,igraal_rate,cashback_type
2026-09-29,AliExpress,aliexpress,10.0,%
2026-09-29,Allegro,allegro,1.9,%
2026-09-29,Answear,answear,3.0,%
2026-09-29,Decathlon,decathlon,2.0,%
2026-09-29,Empik,empik,1.6,%
2026-09-29,Lounge by Zalando,zalando-lounge,12.0,%
2026-09-29,MediaMarkt,mediamarkt,4.0,%
2026-09-29,Temu,temu,40.0,%
2026-09-29,SHEIN,shein,13.5,%
2026-09-29,RTV Euro AGD,rtveuro,1.5,%
2026-09-29,Lidl,lidl,1.0,%
2026-09-29,Leroy Merlin,leroymerlin,2.5,%
2026-09-29,CCC,ccc,5.0,%
2026-09-29,Hebe,hebe,5.0,%
2026-09-29,OBI,obi,2.5,%
2026-09-29,Adidas,adidas,5.0,%
2026-09-29,Sephora,sephora,7.5,%
2026-09-29,Douglas,douglas,8.0,%
2026-09-29,home&you,home-you,6.5,%
2026-09-29,Abra,abra,4.2,%
2026-09-29,Acer,acer,4.0,%
2026-09-29,Aclari,aclari,1.8,%
2026-09-29,Aelia,aelia,5.0,%
2026-09-29,Agoda,agoda,5.0,%
2026-09-29,Airalo,airalo,9.0,%
2026-09-29,AirHelp,airhelp,20.0,%
2026-09-29,ALAB Laboratoria,alab-laboratoria,6.0,%
2026-09-29,Alibaba,alibaba.com,8.4,%
2026-09-29,Alpine Pro,alpinepro,4.8,%
2026-09-29,Amazon,amazon,,no cashback
2026-09-29,Audioteka,audioteka,,no cashback
2026-09-29,AUTODOC,autodoc,7.0,%
2026-09-29,AXA Partners,axa-partners,15.0,%
2026-09-29,Banggood,banggood,10.0,%
2026-09-29,Bank Pekao,bank-pekao,,zł
2026-09-29,Baseus,baseus,4.0,%
2026-09-29,BasicLab,basiclab,2.0,%
2026-09-29,BeDiet,bediet,,no cashback
2026-09-29,BIG STAR,bigstar,9.0,%
2026-09-29,Bimba Y Lola,bimbaylola,6.0,%
2026-09-29,Bonprix,bonprix,4.0,%
2026-09-29,Born2Be,born2be,3.0,%
2026-09-29,Brainmarket,brainmarket,1.75,%
2026-09-29,Brasty,brasty,2.0,%
2026-09-29,Bricoman,bricoman,6.0,%
2026-09-29,Bricomarche,bricomarche,3.5,%
2026-09-29,Brooks,brooks,6.0,%
2026-09-29,Byrokko,byrokko,8.0,%
2026-09-29,Canal Plus,canalplus,,zł
2026-09-29,Carrefour,carrefour,2.0,%
2026-09-29,Castorama,castorama,2.5,%
2026-09-29,Ceneo,ceneo,1.0,%
2026-09-29,Cobi,cobi,3.5,%
2026-09-29,Cocolita,cocolita,3.5,%
2026-09-29,Colorland,colorland,8.0,%
2026-09-29,Converse,converse,5.0,%
2026-09-29,Crocs,crocs,2.0,%
2026-09-29,Cropp,cropp,4.0,%
2026-09-29,Cyfrowe.pl,cyfrowe.pl,2.0,%
2026-09-29,Dedoles,dedoles,,no cashback
2026-09-29,DeLonghi,delonghi,6.0,%
2026-09-29,Dermacol,dermacol,3.0,%
2026-09-29,Desigual,desigual,7.7,%
2026-09-29,DHgate,dhgate,2.0,%
2026-09-29,DHL,dhl,,zł
2026-09-29,Diablo Chairs,diablochairs,4.0,%
2026-09-29,Disney+,disneyplus,,zł
2026-09-29,Drogeria.pl,drogeria.pl,7.0,%
2026-09-29,Dstreet,dstreet,9.0,%
2026-09-29,Dyson,dyson,2.5,%
2026-09-29,E-Kwiaty,e-kwiaty,4.0,%
2026-09-29,e-torty,e-torty,10.0,%
2026-09-29,eBilet,ebilet,1.0,%
2026-09-29,Egmont,egmont,3.6,%
2026-09-29,Electrolux,electrolux,2.0,%
2026-09-29,Eltrox,eltrox,4.5,%
2026-09-29,EMP,emp,7.0,%
2026-09-29,Empik Foto,empikfoto,10.0,%
2026-09-29,Endo,endo,9.0,%
2026-09-29,eobuwie,eobuwie,4.0,%
2026-09-29,Erli,erli,3.5,%
2026-09-29,ESET,eset,8.5,%
2026-09-29,eSky,esky,2.0,%
2026-09-29,Estro,estro,7.0,%
2026-09-29,Eurofirany,eurofirany,,no cashback
2026-09-29,Euroflorist,euroflorist,10.0,%
2026-09-29,Eveline,eveline,6.0,%
2026-09-29,Eventim,eventim,1.0,%
2026-09-29,eZebra,ezebra,4.0,%
2026-09-29,Feniko,feniko,,zł
2026-09-29,Fera,fera,2.0,%
2026-09-29,Fielmann,fielmann,6.0,%
2026-09-29,Flexispot,flexispot,4.0,%
2026-09-29,Flixbus,flixbus,4.0,%
2026-09-29,Footdistrict,footdistrict,8.0,%
2026-09-29,Footshop,footshop,3.0,%
2026-09-29,Foreo,foreo,3.5,%
2026-09-29,FotoForma,fotoforma,2.0,%
2026-09-29,G2A,g2a,3.0,%
2026-09-29,Gameseal,gameseal,3.0,%
2026-09-29,Gamivo,gamivo,4.0,%
2026-09-29,Geekbuying.pl,geekbuying,5.0,%
2026-09-29,GetYourGuide,getyourguide,4.0,%
2026-09-29,Giacomo Conti,giacomo,5.0,%
2026-09-29,GOG,gog,3.0,%
2026-09-29,Gomez,gomez,4.0,%
2026-09-29,Green Touch,greentouch,3.3,%
2026-09-29,Greenpoint,greenpoint,4.0,%
2026-09-29,Groupon,groupon,5.6,%
2026-09-29,Gunfire,gunfire,,no cashback
2026-09-29,H&M,hm,8.0,%
2026-09-29,Homla,homla,2.5,%
2026-09-29,HP,hp,7.0,%
2026-09-29,Huawei,huawei,3.5,%
2026-09-29,iBOOD,ibood,1.0,%
2026-09-29,iDream,idream,3.0,%
2026-09-29,iHerb,iherb,3.0,%
2026-09-29,IKEA,ikea,4.0,%
2026-09-29,Intymna,intymna,3.0,%
2026-09-29,iParts,iparts,1.8,%
2026-09-29,JD Sports,jdsports,5.0,%
2026-09-29,Joom,joom,9.0,%
2026-09-29,Josera,josera,5.5,%
2026-09-29,Justjoinit,justjoinit,13.0,%
2026-09-29,Katalog Marzeń,katalog-marzen,2.8,%
2026-09-29,Kenwood,kenwood,6.0,%
2026-09-29,KFC,kfc,3.0,%
2026-09-29,Kinguin,kinguin,10.0,%
2026-09-29,Kiwi,kiwi,3.0,%
2026-09-29,Komputronik,komputronik,1.5,%
2026-09-29,Konesso,konesso,,no cashback
2026-09-29,Kubenz,kubenz,2.76,%
2026-09-29,Kubota,kubota,4.5,%
2026-09-29,KurJerzy.pl,kurjerzy.pl,3.0,%
2026-09-29,Lacoste,lacoste,8.0,%
2026-09-29,Lampy.pl,lampy,8.0,%
2026-09-29,Legimi,legimi,15.0,%
2026-09-29,LEGO,lego,3.0,%
2026-09-29,Leo Express,leoexpress,4.0,%
2026-09-29,Levi's,levis,5.0,%
2026-09-29,LG,lg,1.75,%
2026-09-29,Loaded,cdkeys,5.0,%
2026-09-29,Lokalny Rolnik,lokalnyrolnik,4.5,%
2026-09-29,Lookfantastic,lookfantastic,5.0,%
2026-09-29,LOT,lot,1.0,%
2026-09-29,Lufthansa,lufthansa,1.2,%
2026-09-29,Mamyito,mamyito,4.5,%
2026-09-29,Mango Outlet,mango-outlet,3.0,%
2026-09-29,Marilyn,marilyn,6.0,%
2026-09-29,Max Elektro,maxelektro,2.0,%
2026-09-29,Maxi Zoo,maxizoo,5.0,%
2026-09-29,MebleMWM,meblemwm,3.5,%
2026-09-29,Medicine,wearmedicine,3.0,%
2026-09-29,Merkury Market,merkurymarket,2.0,%
2026-09-29,Michael Kors,michaelkors,3.0,%
2026-09-29,Modivo,modivo.pl,3.5,%
2026-09-29,ModnaKiecka.pl,modnakiecka.pl,4.0,%
2026-09-29,Morele.net,morele,,zł
2026-09-29,Mountain Warehouse,mountainwarehouse,3.0,%
2026-09-29,Mova,mova,4.2,%
2026-09-29,MyHeritage DNA,myheritagedna,4.0,%
2026-09-29,MyProtein,myprotein,10.0,%
2026-09-29,NAOKO,naoko,5.0,%
2026-09-29,Neness,neness,6.0,%
2026-09-29,NEONAIL,neonail,7.0,%
2026-09-29,Neonet,neonet,0.75,%
2026-09-29,New Balance,nbsklep,5.0,%
2026-09-29,Nike,nike,,no cashback
2026-09-29,NinjaShark,ninja,4.0,%
2026-09-29,NordVPN,nordvpn,30.0,%
2026-09-29,norton,norton,,no cashback
2026-09-29,Notino,notino,3.5,%
2026-09-29,Novakid,novakid,,zł
2026-09-29,OleOle!,oleole,1.0,%
2026-09-29,Olimp Store,olimp-store,2.5,%
2026-09-29,Orange,orange,2.11,%
2026-09-29,Pan Materac,panmaterac,8.0,%
2026-09-29,Pandora,pandora,4.0,%
2026-09-29,Parfumdreams,parfumdreams,12.0,%
2026-09-29,Peek & Cloppenburg,peek-and-cloppenburg,2.0,%
2026-09-29,Perfumeria,perfumeria.pl,3.84,%
2026-09-29,Perfumy.pl,perfumy,2.84,%
2026-09-29,Petkarma,petkarma,8.0,%
2026-09-29,Philips,philips,4.0,%
2026-09-29,Philips Hue,philips-hue,7.0,%
2026-09-29,Pitbull,pitbull,5.0,%
2026-09-29,Play,play,,zł
2026-09-29,Pleso,plesotherapy,,zł
2026-09-29,Plus,plus,,zł
2026-09-29,Preply,preply,,zł
2026-09-29,Primodo,primodo,5.0,%
2026-09-29,PRM,prm,6.0,%
2026-09-29,Proton VPN,protonvpn,70.0,%
2026-09-29,Przyjaciele Kawy,przyjacielekawy,4.0,%
2026-09-29,Puma,puma,6.0,%
2026-09-29,PWN,pwn,2.7,%
2026-09-29,Pyszne.pl,pyszne,2.0,%
2026-09-29,Radisson Hotels,radissonhotels,2.0,%
2026-09-29,Recman,recman,5.0,%
2026-09-29,RedBull Mobile,redbullmobile,,no cashback
2026-09-29,Regatta,regatta,8.0,%
2026-09-29,Renee,renee,6.0,%
2026-09-29,Reporter Young,reporteryoung,3.5,%
2026-09-29,RestaurantWeek,restaurant-week,3.5,%
2026-09-29,Rocketjobs.pl,rocketjobs,7.5,%
2026-09-29,Ryobi,ryobi,4.0,%
2026-09-29,Samsung,samsung,3.0,%
2026-09-29,SeePlaces,seeplaces,3.15,%
2026-09-29,Sferis,sferis,1.6,%
2026-09-29,Sinsay,sinsay,10.0,%
2026-09-29,Skechers,skechers,8.5,%
2026-09-29,SkyShowtime,skyshowtime,,zł
2026-09-29,Smyk,smyk,1.26,%
2026-09-29,Sony.pl,sony,10.0,%
2026-09-29,SportStyleStory,sportstylestory,6.0,%
2026-09-29,Stradivarius,stradivarius,,no cashback
2026-09-29,Streetstyle24,streetstyle24,4.5,%
2026-09-29,Stylevana,stylevana,3.0,%
2026-09-29,Sun & Snow,sun-and-snow,4.5,%
2026-09-29,Surfshark,surfshark,,zł
2026-09-29,Świat supli,swiatsupli,2.5,%
2026-09-29,Tagomago,tagomago,3.0,%
2026-09-29,Tanie-opony.pl,tanie-opony.pl,1.8,%
2026-09-29,Tefal,tefal,5.0,%
2026-09-29,Tescoma,tescoma,3.5,%
2026-09-29,TestDNA,testdna,,no cashback
2026-09-29,Teufel,teufel,4.0,%
2026-09-29,Top Secret,topsecret,4.2,%
2026-09-29,Trip.com,trip-com,3.85,%
2026-09-29,Triverna,triverna,2.0,%
2026-09-29,Twojemeble.pl,twojemeble.pl,2.7,%
2026-09-29,Uber,uber,,no cashback
2026-09-29,Ubisoft,ubisoft,0.5,%
2026-09-29,Ucando,ucando,4.0,%
2026-09-29,Udemy,udemy,10.0,%
2026-09-29,Under Armour,under-armour,6.0,%
2026-09-29,Unisono,unisono,,no cashback
2026-09-29,uPacjenta,upacjenta,3.36,%
2026-09-29,Van Graaf,vangraaf,7.0,%
2026-09-29,Vans,vans,4.0,%
2026-09-29,Vasco Electronics,vascoelectronics,,zł
2026-09-29,Venezia,venezia,2.5,%
2026-09-29,Victoria's Secret,victorias-secret,3.0,%
2026-09-29,VidaXL,vidaxl,2.5,%
2026-09-29,Vision Express,visionexpress,6.3,%
2026-09-29,Vobis,vobis,1.0,%
2026-09-29,Wolt,wolt,,zł
2026-09-29,Wrangler,wrangler,10.0,%
2026-09-29,x-kom,x-kom,,no cashback
2026-09-29,Xiaomi,mi,2.0,%
2026-09-29,xlmoto,xlmoto,4.0,%
2026-09-29,Yanosik,yanosik,3.0,%
2026-09-29,Yope,yope,7.0,%
2026-09-29,Yves Rocher,yves-rocher,5.0,%
2026-09-29,Zalando,zalando.pl,,zł
2026-09-29,Zelmer,zelmer,3.3,%
2026-09-29,Znak,znak,3.0,%
2026-09-29,ZooFaster,krakvet,2.0,%
2026-09-29,zooplus,zooplus,2.1,%
2026-09-29,Zwieger,zwieger,3.0,%
2026-09-29,24mx,24mx,2.5,%
2026-09-29,4kidspoint,4kidspoint,3.5,%
2026-09-29,7way,7way,3.5,%
2026-09-29,Orange Flex,orangeflex,,no cashback
2026-09-29,Your KAYA,yourkaya,,no cashback
2026-09-29,Airbnb,airbnb,,no cashback
2026-09-29,Carinii,carinii,,no cashback
2026-09-29,Duka,duka,,no cashback
2026-09-29,Kaufland,kaufland,,no cashback
2026-09-29,Kolba,kolba,,no cashback
2026-09-29,KROSS,kross,,no cashback
2026-09-29,LycaMobile,lyca-mobile,42.0,%
2026-09-29,Mango,mango,,no cashback
2026-09-29,Nintendo eShop,nintendo-eshop,,no cashback
2026-09-29,OnePlus,oneplus,,no cashback
2026-09-29,Sportofino,sportofino,,no cashback
2026-09-29,Spotify,spotify,,no cashback
2026-09-29,Ticketmaster,ticketmaster,,no cashback
2026-09-29,Tołpa,tolpa,,no cashback
2026-09-29,Top Hi Fi,tophifi,,no cashback
2026-09-29,YES,yes,,no cashback
2026-09-29,Zegarownia,zegarownia,,no cashback
