date,retailer,igraal_slug,picodi_rate,picodi_rate_type,picodi_url
2026-09-29,AliExpress,aliexpress,20.7,up_to_%,https://www.picodi.com/pl/aliexpress/offers
2026-09-29,Allegro,allegro,1.1,up_to_%,https://www.picodi.com/pl/allegro/offers
2026-09-29,Answear,answear,1.2,up_to_%,https://www.picodi.com/pl/answear-com/offers
2026-09-29,Decathlon,decathlon,1.4,up_to_%,https://www.picodi.com/pl/decathlon/offers
2026-09-29,Empik,empik,15.0,up_to_%,https://www.picodi.com/pl/empik/offers
2026-09-29,Lounge by Zalando,zalando-lounge,3.6,up_to_%,https://www.picodi.com/pl/zalando-lounge/offers
2026-09-29,MediaMarkt,mediamarkt,1.8,up_to_%,https://www.picodi.com/pl/mediamarkt/offers
2026-09-29,Temu,temu,20.7,up_to_%,https://www.picodi.com/pl/temu/offers
2026-09-29,SHEIN,shein,4.5,up_to_%,https://www.picodi.com/pl/shein/offers
2026-09-29,RTV Euro AGD,rtveuro,1.8,up_to_%,https://www.picodi.com/pl/rtveuroagd/offers
2026-09-29,Lidl,lidl,0.5,%,https://www.picodi.com/pl/lidl/offers
2026-09-29,Leroy Merlin,leroymerlin,1.3,%,https://www.picodi.com/pl/leroy-merlin/offers
2026-09-29,CCC,ccc,2.0,up_to_%,https://www.picodi.com/pl/ccc/offers
2026-09-29,Hebe,hebe,1.8,%,https://www.picodi.com/pl/hebe/offers
2026-09-29,OBI,obi,1.5,%,https://www.picodi.com/pl/obi/offers
2026-09-29,Adidas,adidas,1.8,up_to_%,https://www.picodi.com/pl/adidas-pl/offers
2026-09-29,Sephora,sephora,3.3,up_to_%,https://www.picodi.com/pl/sephora/offers
2026-09-29,Douglas,douglas,3.0,up_to_%,https://www.picodi.com/pl/douglas/offers
2026-09-29,home&you,home-you,1.2,up_to_%,https://www.picodi.com/pl/home-you/offers
2026-09-29,Abra,abra,1.5,%,https://www.picodi.com/pl/abra/offers
2026-09-29,Acer,acer,2.1,%,https://www.picodi.com/pl/acer/offers
2026-09-29,Aclari,aclari,0.9,%,https://www.picodi.com/pl/aclari/offers
2026-09-29,Aelia,aelia,2.0,%,https://www.picodi.com/pl/aelia/offers
2026-09-29,Agoda,agoda,1.8,%,https://www.picodi.com/pl/agoda/offers
2026-09-29,Airalo,airalo,3.5,up_to_%,https://www.picodi.com/pl/airalo/offers
2026-09-29,AirHelp,airhelp,4.5,%,https://www.picodi.com/pl/air-help/offers
2026-09-29,ALAB Laboratoria,alab-laboratoria,1.9,%,https://www.picodi.com/pl/alablaboratoria/offers
2026-09-29,Alibaba,alibaba.com,2.5,up_to_%,https://www.picodi.com/pl/alibaba/offers
2026-09-29,Alpine Pro,alpinepro,2.4,%,https://www.picodi.com/pl/alpinepro/offers
2026-09-29,Amazon,amazon,3.0,up_to_%,https://www.picodi.com/pl/amazon-com/offers
2026-09-29,Audioteka,audioteka,2.1,%,https://www.picodi.com/pl/audioteka-pl/offers
2026-09-29,AUTODOC,autodoc,4.2,up_to_%,https://www.picodi.com/pl/autodoc/offers
2026-09-29,AXA Partners,axa-partners,6.0,%,https://www.picodi.com/pl/axa-assistance/offers
2026-09-29,Banggood,banggood,4.7,up_to_%,https://www.picodi.com/pl/banggood-com/offers
2026-09-29,Bank Pekao,bank-pekao,,not_found,
2026-09-29,Baseus,baseus,1.2,%,https://www.picodi.com/pl/baseus/offers
2026-09-29,BasicLab,basiclab,1.2,%,https://www.picodi.com/pl/basiclab/offers
2026-09-29,BeDiet,bediet,,not_found,
2026-09-29,BIG STAR,bigstar,1.8,%,https://www.picodi.com/pl/big-star/offers
2026-09-29,Bimba Y Lola,bimbaylola,2.4,%,https://www.picodi.com/pl/bimba-y-lola/offers
2026-09-29,Bonprix,bonprix,1.2,%,https://www.picodi.com/pl/bonprix/offers
2026-09-29,Born2Be,born2be,1.8,%,https://www.picodi.com/pl/born2be/offers
2026-09-29,Brainmarket,brainmarket,,not_found,
2026-09-29,Brasty,brasty,1.8,up_to_%,https://www.picodi.com/pl/brasty/offers
2026-09-29,Bricoman,bricoman,,not_found,
2026-09-29,Bricomarche,bricomarche,,not_found,
2026-09-29,Brooks,brooks,,not_found,
2026-09-29,Byrokko,byrokko,,not_found,
2026-09-29,Canal Plus,canalplus,,not_found,
2026-09-29,Carrefour,carrefour,,not_found,
2026-09-29,Castorama,castorama,,not_found,
2026-09-29,Ceneo,ceneo,,not_found,
2026-09-29,Cobi,cobi,,not_found,
2026-09-29,Cocolita,cocolita,,not_found,
2026-09-29,Colorland,colorland,,not_found,
2026-09-29,Converse,converse,,not_found,
2026-09-29,Crocs,crocs,,not_found,
2026-09-29,Cropp,cropp,,not_found,
2026-09-29,Cyfrowe.pl,cyfrowe.pl,,not_found,
2026-09-29,Dedoles,dedoles,,not_found,
2026-09-29,DeLonghi,delonghi,,not_found,
2026-09-29,Dermacol,dermacol,,not_found,
2026-09-29,Desigual,desigual,,not_found,
2026-09-29,DHgate,dhgate,,not_found,
2026-09-29,DHL,dhl,,not_found,
2026-09-29,Diablo Chairs,diablochairs,,not_found,
2026-09-29,Disney+,disneyplus,,not_found,
2026-09-29,Drogeria.pl,drogeria.pl,,not_found,
2026-09-29,Dstreet,dstreet,,not_found,
2026-09-29,Dyson,dyson,,not_found,
2026-09-29,E-Kwiaty,e-kwiaty,,not_found,
2026-09-29,e-torty,e-torty,,not_found,
2026-09-29,eBilet,ebilet,,not_found,
2026-09-29,Egmont,egmont,,not_found,
2026-09-29,Electrolux,electrolux,,not_found,
2026-09-29,Eltrox,eltrox,,not_found,
2026-09-29,EMP,emp,,not_found,
2026-09-29,Empik Foto,empikfoto,,not_found,
2026-09-29,Endo,endo,,not_found,
2026-09-29,eobuwie,eobuwie,,not_found,
2026-09-29,Erli,erli,,not_found,
2026-09-29,ESET,eset,,not_found,
2026-09-29,eSky,esky,,not_found,
2026-09-29,Estro,estro,,not_found,
2026-09-29,Eurofirany,eurofirany,,not_found,
2026-09-29,Euroflorist,euroflorist,,not_found,
2026-09-29,Eveline,eveline,,not_found,
2026-09-29,Eventim,eventim,,not_found,
2026-09-29,eZebra,ezebra,,not_found,
2026-09-29,Feniko,feniko,,not_found,
2026-09-29,Fera,fera,,not_found,
2026-09-29,Fielmann,fielmann,,not_found,
2026-09-29,Flexispot,flexispot,,not_found,
2026-09-29,Flixbus,flixbus,,not_found,
2026-09-29,Footdistrict,footdistrict,,not_found,
2026-09-29,Footshop,footshop,,not_found,
2026-09-29,Foreo,foreo,,not_found,
2026-09-29,FotoForma,fotoforma,,not_found,
2026-09-29,G2A,g2a,,not_found,
2026-09-29,Gameseal,gameseal,,not_found,
2026-09-29,Gamivo,gamivo,,not_found,
2026-09-29,Geekbuying.pl,geekbuying,,not_found,
2026-09-29,GetYourGuide,getyourguide,,not_found,
2026-09-29,Giacomo Conti,giacomo,,not_found,
2026-09-29,GOG,gog,,not_found,
2026-09-29,Gomez,gomez,,not_found,
2026-09-29,Green Touch,greentouch,,not_found,
2026-09-29,Greenpoint,greenpoint,,not_found,
2026-09-29,Groupon,groupon,,not_found,
2026-09-29,Gunfire,gunfire,,not_found,
2026-09-29,H&M,hm,,not_found,
2026-09-29,Homla,homla,,not_found,
2026-09-29,HP,hp,,not_found,
2026-09-29,Huawei,huawei,,not_found,
2026-09-29,iBOOD,ibood,,not_found,
2026-09-29,iDream,idream,,not_found,
2026-09-29,iHerb,iherb,,not_found,
2026-09-29,IKEA,ikea,,not_found,
2026-09-29,Intymna,intymna,,not_found,
2026-09-29,iParts,iparts,,not_found,
2026-09-29,JD Sports,jdsports,,not_found,
2026-09-29,Joom,joom,,not_found,
2026-09-29,Josera,josera,,not_found,
2026-09-29,Justjoinit,justjoinit,,not_found,
2026-09-29,Katalog Marzeń,katalog-marzen,,not_found,
2026-09-29,Kenwood,kenwood,,not_found,
2026-09-29,KFC,kfc,,not_found,
2026-09-29,Kinguin,kinguin,,not_found,
2026-09-29,Kiwi,kiwi,,not_found,
2026-09-29,Komputronik,komputronik,,not_found,
2026-09-29,Konesso,konesso,,not_found,
2026-09-29,Kubenz,kubenz,,not_found,
2026-09-29,Kubota,kubota,,not_found,
2026-09-29,KurJerzy.pl,kurjerzy.pl,,not_found,
2026-09-29,Lacoste,lacoste,,not_found,
2026-09-29,Lampy.pl,lampy,,not_found,
2026-09-29,Legimi,legimi,,not_found,
2026-09-29,LEGO,lego,,not_found,
2026-09-29,Leo Express,leoexpress,,not_found,
2026-09-29,Levi's,levis,,not_found,
2026-09-29,LG,lg,,not_found,
2026-09-29,Loaded,cdkeys,,not_found,
2026-09-29,Lokalny Rolnik,lokalnyrolnik,,not_found,
2026-09-29,Lookfantastic,lookfantastic,,not_found,
2026-09-29,LOT,lot,,not_found,
2026-09-29,Lufthansa,lufthansa,,not_found,
2026-09-29,Mamyito,mamyito,,not_found,
2026-09-29,Mango Outlet,mango-outlet,,not_found,
2026-09-29,Marilyn,marilyn,,not_found,
2026-09-29,Max Elektro,maxelektro,,not_found,
2026-09-29,Maxi Zoo,maxizoo,,not_found,
2026-09-29,MebleMWM,meblemwm,,not_found,
2026-09-29,Medicine,wearmedicine,,not_found,
2026-09-29,Merkury Market,merkurymarket,,not_found,
2026-09-29,Michael Kors,michaelkors,,not_found,
2026-09-29,Modivo,modivo.pl,,not_found,
2026-09-29,ModnaKiecka.pl,modnakiecka.pl,,not_found,
2026-09-29,Morele.net,morele,,not_found,
2026-09-29,Mountain Warehouse,mountainwarehouse,,not_found,
2026-09-29,Mova,mova,,not_found,
2026-09-29,MyHeritage DNA,myheritagedna,,not_found,
2026-09-29,MyProtein,myprotein,,not_found,
2026-09-29,NAOKO,naoko,,not_found,
2026-09-29,Neness,neness,,not_found,
2026-09-29,NEONAIL,neonail,,not_found,
2026-09-29,Neonet,neonet,,not_found,
2026-09-29,New Balance,nbsklep,,not_found,
2026-09-29,Nike,nike,,not_found,
2026-09-29,NinjaShark,ninja,,not_found,
2026-09-29,NordVPN,nordvpn,,not_found,
2026-09-29,norton,norton,,not_found,
2026-09-29,Notino,notino,,not_found,
2026-09-29,Novakid,novakid,,not_found,
2026-09-29,OleOle!,oleole,,not_found,
2026-09-29,Olimp Store,olimp-store,,not_found,
2026-09-29,Orange,orange,,not_found,
2026-09-29,Pan Materac,panmaterac,,not_found,
2026-09-29,Pandora,pandora,,not_found,
2026-09-29,Parfumdreams,parfumdreams,,not_found,
2026-09-29,Peek & Cloppenburg,peek-and-cloppenburg,,not_found,
2026-09-29,Perfumeria,perfumeria.pl,,not_found,
2026-09-29,Perfumy.pl,perfumy,,not_found,
2026-09-29,Petkarma,petkarma,,not_found,
2026-09-29,Philips,philips,,not_found,
2026-09-29,Philips Hue,philips-hue,,not_found,
2026-09-29,Pitbull,pitbull,,not_found,
2026-09-29,Play,play,,not_found,
2026-09-29,Pleso,plesotherapy,,not_found,
2026-09-29,Plus,plus,,not_found,
2026-09-29,Preply,preply,,not_found,
2026-09-29,Primodo,primodo,,not_found,
2026-09-29,PRM,prm,,not_found,
2026-09-29,Proton VPN,protonvpn,,not_found,
2026-09-29,Przyjaciele Kawy,przyjacielekawy,,not_found,
2026-09-29,Puma,puma,,not_found,
2026-09-29,PWN,pwn,,not_found,
2026-09-29,Pyszne.pl,pyszne,,not_found,
2026-09-29,Radisson Hotels,radissonhotels,,not_found,
2026-09-29,Recman,recman,,not_found,
2026-09-29,RedBull Mobile,redbullmobile,,not_found,
2026-09-29,Regatta,regatta,,not_found,
2026-09-29,Renee,renee,,not_found,
2026-09-29,Reporter Young,reporteryoung,,not_found,
2026-09-29,RestaurantWeek,restaurant-week,,not_found,
2026-09-29,Rocketjobs.pl,rocketjobs,,not_found,
2026-09-29,Ryobi,ryobi,,not_found,
2026-09-29,Samsung,samsung,,not_found,
2026-09-29,SeePlaces,seeplaces,,not_found,
2026-09-29,Sferis,sferis,,not_found,
2026-09-29,Sinsay,sinsay,,not_found,
2026-09-29,Skechers,skechers,,not_found,
2026-09-29,SkyShowtime,skyshowtime,,not_found,
2026-09-29,Smyk,smyk,,not_found,
2026-09-29,Sony.pl,sony,,not_found,
2026-09-29,SportStyleStory,sportstylestory,,not_found,
2026-09-29,Stradivarius,stradivarius,,not_found,
2026-09-29,Streetstyle24,streetstyle24,,not_found,
2026-09-29,Stylevana,stylevana,,not_found,
2026-09-29,Sun & Snow,sun-and-snow,,not_found,
2026-09-29,Surfshark,surfshark,,not_found,
2026-09-29,Świat supli,swiatsupli,,not_found,
2026-09-29,Tagomago,tagomago,,not_found,
2026-09-29,Tanie-opony.pl,tanie-opony.pl,,not_found,
2026-09-29,Tefal,tefal,,not_found,
2026-09-29,Tescoma,tescoma,,not_found,
2026-09-29,TestDNA,testdna,,not_found,
2026-09-29,Teufel,teufel,,not_found,
2026-09-29,Top Secret,topsecret,,not_found,
2026-09-29,Trip.com,trip-com,,not_found,
2026-09-29,Triverna,triverna,,not_found,
2026-09-29,Twojemeble.pl,twojemeble.pl,,not_found,
2026-09-29,Uber,uber,,not_found,
2026-09-29,Ubisoft,ubisoft,,not_found,
2026-09-29,Ucando,ucando,,not_found,
2026-09-29,Udemy,udemy,,not_found,
2026-09-29,Under Armour,under-armour,,not_found,
2026-09-29,Unisono,unisono,,not_found,
2026-09-29,uPacjenta,upacjenta,,not_found,
2026-09-29,Van Graaf,vangraaf,,not_found,
2026-09-29,Vans,vans,,not_found,
2026-09-29,Vasco Electronics,vascoelectronics,,not_found,
2026-09-29,Venezia,venezia,,not_found,
2026-09-29,Victoria's Secret,victorias-secret,,not_found,
2026-09-29,VidaXL,vidaxl,,not_found,
2026-09-29,Vision Express,visionexpress,,not_found,
2026-09-29,Vobis,vobis,,not_found,
2026-09-29,Wolt,wolt,,not_found,
2026-09-29,Wrangler,wrangler,,not_found,
2026-09-29,x-kom,x-kom,,not_found,
2026-09-29,Xiaomi,mi,,not_found,
2026-09-29,xlmoto,xlmoto,,not_found,
2026-09-29,Yanosik,yanosik,,not_found,
2026-09-29,Yope,yope,,not_found,
2026-09-29,Yves Rocher,yves-rocher,,not_found,
2026-09-29,Zalando,zalando.pl,,not_found,
2026-09-29,Zelmer,zelmer,,not_found,
2026-09-29,Znak,znak,,not_found,
2026-09-29,ZooFaster,krakvet,,not_found,
2026-09-29,zooplus,zooplus,,not_found,
2026-09-29,Zwieger,zwieger,,not_found,
2026-09-29,24mx,24mx,,not_found,
2026-09-29,4kidspoint,4kidspoint,,not_found,
2026-09-29,7way,7way,,not_found,
2026-09-29,Orange Flex,orangeflex,,not_found,
2026-09-29,Your KAYA,yourkaya,,not_found,
2026-09-29,Airbnb,airbnb,,not_found,
2026-09-29,Carinii,carinii,,not_found,
2026-09-29,Duka,duka,,not_found,
2026-09-29,Kaufland,kaufland,,not_found,
2026-09-29,Kolba,kolba,,not_found,
2026-09-29,KROSS,kross,,not_found,
2026-09-29,LycaMobile,lyca-mobile,,not_found,
2026-09-29,Mango,mango,,not_found,
2026-09-29,Nintendo eShop,nintendo-eshop,,not_found,
2026-09-29,OnePlus,oneplus,,not_found,
2026-09-29,Sportofino,sportofino,,not_found,
2026-09-29,Spotify,spotify,,not_found,
2026-09-29,Ticketmaster,ticketmaster,,not_found,
2026-09-29,Tołpa,tolpa,,not_found,
2026-09-29,Top Hi Fi,tophifi,,not_found,
2026-09-29,YES,yes,,not_found,
2026-09-29,Zegarownia,zegarownia,,not_found,
