retailer,month,revenue,gmv,margin,cpa_in,transactions,cb_total
4Home,202512,125.93,2098.69,-0.63,6.0,3,126.56
Abra,202601,93.69,2230.76,-0.05,4.2,1,93.74
Abra,202602,150.32,3579.0,2.5,4.2,1,147.82
Abra,202603,187.2,4457.25,23.1,4.2,3,164.1
Abra,202604,505.38,12032.81,-2.97,4.2,2,508.35
Acer,202601,4.91,57.75,2.02,8.5,1,2.89
Aelia,202604,5.83,89.66,1.32,6.5,1,4.51
AirHelp,202602,19.33,96.66,-9.67,20.0,1,29.0
ALAB Laboratoria,202602,2.99,47.98,0.16,6.2,1,2.83
ALAB Laboratoria,202604,11.62,186.22,0.38,6.2,3,11.24
AliExpress,202505,0.75,13.86,0.43,5.4,2,0.32
AliExpress,202506,2.14,40.27,1.38,5.3,8,0.76
AliExpress,202507,5.86,109.84,-1.72,5.3,16,7.58
AliExpress,202508,20.84,410.1,-6.98,5.1,35,27.82
AliExpress,202509,16.57,355.15,-0.79,4.7,37,17.36
AliExpress,202510,36.05,644.37,24.18,5.6,90,11.87
AliExpress,202511,683.45,12822.76,430.2,5.3,1466,253.25
AliExpress,202512,1189.52,20927.07,1106.23,5.7,1876,83.29
AliExpress,202601,445.79,8261.52,420.52,5.4,696,25.27
AliExpress,202602,1194.58,21703.81,1172.04,5.5,2005,22.54
AliExpress,202603,1306.06,27451.86,-255.2,4.8,2328,1561.26
AliExpress,202604,937.22,20649.01,388.57,4.5,1847,548.65
AliExpress,202605,368.89,9050.26,26.05,4.1,802,342.84
Alibaba,202604,11.23,141.82,-1.26,7.9,4,12.49
Allegro,202505,0.64,31.19,0.03,2.1,2,0.61
Allegro,202506,5.16,293.28,1.2,1.8,17,3.95
Allegro,202507,19.5,1187.3,-86.28,1.6,26,105.78
Allegro,202508,37.08,2331.57,-40.12,1.6,79,77.2
Allegro,202509,60.53,3341.3,-85.55,1.8,163,146.08
Allegro,202510,195.71,11173.87,-594.34,1.8,649,790.05
Allegro,202511,442.42,26093.63,-1628.9,1.7,1363,2071.32
Allegro,202512,809.23,48147.93,-1856.58,1.7,2739,2665.81
Allegro,202601,778.84,45479.08,-1891.59,1.7,2976,2670.43
Allegro,202602,832.02,47858.25,-739.17,1.7,2931,1571.19
Allegro,202603,1568.1,91432.63,-2104.95,1.7,4022,3673.04
Allegro,202604,1286.68,82808.63,-3045.81,1.6,4193,4332.49
Allegro,202605,352.29,31866.5,-81.2,1.1,879,433.5
Answear,202510,2.16,61.67,-4.01,3.5,1,6.17
Answear,202511,0.38,10.94,0.05,3.5,1,0.33
Answear,202512,1.52,43.5,-4.51,3.5,1,6.03
Answear,202601,65.2,1862.78,17.67,3.5,1,47.52
Answear,202602,916.1,25651.78,394.2,3.6,11,521.89
Answear,202603,71.09,1993.6,-4.63,3.6,8,75.72
Answear,202604,42.01,1298.4,-24.52,3.2,6,66.53
Answear,202605,2.28,81.44,-0.16,2.8,1,2.44
AUTODOC,202603,6.48,81.02,0.06,8.0,1,6.42
Brasty,202510,0.2,19.53,0.0,1.0,1,0.19
Brasty,202601,78.04,3968.66,0.0,2.0,1,78.04
Brasty,202603,253.07,12910.34,2.0,2.0,7,251.08
Brasty,202604,0.42,42.18,0.0,1.0,1,0.0
Banggood,202510,0.76,12.58,0.25,6.0,1,0.5
Baseus,202603,14.92,372.85,2.51,4.0,2,12.4
BasicLab,202601,59.54,1984.65,0.0,3.0,2,59.54
BasicLab,202602,1.04,34.56,0.0,3.0,1,1.04
BasicLab,202603,131.98,4399.26,0.0,3.0,3,131.98
BasicLab,202604,171.22,5707.1,0.0,3.0,3,171.22
Bonprix,202603,0.75,18.86,-0.37,4.0,1,1.12
Born2Be,202511,0.8,13.41,-0.01,6.0,1,0.81
Born2Be,202512,3.28,54.69,-0.01,6.0,1,3.29
Born2Be,202602,62.29,1038.22,4.07,6.0,3,58.22
Born2Be,202603,9.56,142.02,-0.72,6.7,4,10.28
Born2Be,202604,98.54,1642.25,15.94,6.0,3,82.6
Bricomarche,202512,5.8,90.73,1.56,6.4,3,4.24
Bricomarche,202601,8.75,136.77,-2.2,6.4,2,10.95
Bricomarche,202602,91.09,1897.66,15.34,4.8,1,75.75
Bricomarche,202603,47.91,748.67,0.56,6.4,3,47.35
Bricomarche,202604,12.94,202.38,3.78,6.4,4,9.16
Bricomarche,202605,0.61,9.61,0.22,6.3,1,0.38
Broń.pl,202601,271.03,3387.87,-0.71,8.0,5,271.74
Broń.pl,202602,633.49,7918.61,1.52,8.0,9,631.96
Broń.pl,202603,178.03,2225.32,0.0,8.0,2,178.03
Byrokko,202603,37.9,222.97,31.22,17.0,1,6.69
CCC,202510,10.08,155.09,0.07,6.5,3,10.01
CCC,202511,18.39,333.03,0.0,5.5,4,18.39
CCC,202512,12.44,191.37,4.64,6.5,2,7.8
CCC,202601,3.02,47.36,-1.63,6.4,5,4.64
CCC,202602,12.24,188.24,7.16,6.5,4,5.08
CCC,202603,12.34,218.78,2.58,5.6,5,9.77
CCC,202604,46.14,709.8,10.65,6.5,10,35.49
CDKeys,202602,0.17,3.51,0.0,4.8,1,0.17
CDKeys,202603,1.07,53.52,0.0,2.0,1,0.0
CDKeys,202604,1.25,62.97,0.59,2.0,2,0.66
Carrefour,202508,1.43,47.24,0.01,3.0,1,1.42
Carrefour,202511,0.67,22.06,0.01,3.0,1,0.66
Carrefour,202512,5.8,191.31,0.06,3.0,3,5.74
Carrefour,202602,2.66,87.82,0.03,3.0,1,2.63
Carrefour,202603,3.38,111.48,0.04,3.0,2,3.34
Castorama,202511,0.46,11.49,0.0,4.0,1,0.46
Castorama,202512,0.41,10.4,0.0,4.0,2,0.41
Castorama,202601,92.09,2302.24,-0.0,4.0,1,92.09
Castorama,202602,38.06,951.56,-0.0,4.0,2,38.06
Castorama,202603,240.41,6010.41,2.31,4.0,5,238.1
Castorama,202604,63.13,1578.4,52.2,4.0,8,10.93
Castorama,202605,17.28,432.2,-0.0,4.0,2,17.29
Ceneo,202512,0.42,0.42,0.42,100.0,6,0.0
Ceneo,202601,0.83,0.83,0.83,100.0,17,0.0
Ceneo,202602,4.22,287.82,1.38,1.5,6,2.84
Ceneo,202603,53.43,2545.5,28.32,2.1,4,25.11
Ceneo,202604,0.68,64.48,0.03,1.1,1,0.65
Cocolita,202512,2.04,33.92,-0.85,6.0,2,2.89
Cocolita,202601,232.52,4426.29,136.45,5.3,3,96.07
Cocolita,202603,8.34,119.11,-4.17,7.0,3,12.51
Cocolita,202604,0.39,8.63,0.09,4.5,1,0.3
Colorland,202512,4.92,42.82,0.0,11.5,1,0.0
Colorland,202601,2.44,33.3,-4.22,7.3,2,6.66
Colorland,202602,1.1,9.54,-0.81,11.5,1,1.91
Crocs,202603,34.64,865.98,0.0,4.0,2,34.64
Cropp,202601,8.05,125.0,0.55,6.4,7,7.5
Cropp,202602,10.07,156.38,0.69,6.4,3,9.38
Cropp,202603,3.28,50.99,0.0,6.4,1,0.0
Cropp,202604,7.53,116.91,6.5,6.4,2,1.03
Cyfrowe.pl,202601,226.9,10804.78,10.8,2.1,3,216.1
Cyfrowe.pl,202602,18.75,2678.44,-34.82,0.7,1,53.57
Cyfrowe.pl,202603,3.54,168.41,0.31,2.1,4,3.23
Cyfrowe.pl,202604,3.42,162.63,1.2,2.1,3,2.22
DHL,202604,1.4,20.67,0.7,6.8,2,0.7
Dstreet,202511,79.57,884.13,0.0,9.0,1,79.57
Dstreet,202601,102.83,1142.5,0.0,9.0,3,102.83
Dstreet,202602,85.88,954.27,0.0,9.0,2,85.88
Dstreet,202603,214.27,2380.83,0.0,9.0,5,214.27
Dstreet,202604,242.34,2692.66,0.0,9.0,3,242.34
Decathlon,202510,18.85,837.75,-36.61,2.3,3,55.46
Decathlon,202511,15.01,607.15,-51.5,2.5,5,66.51
Decathlon,202512,0.59,26.11,-3.33,2.3,1,3.92
Decathlon,202601,0.64,28.51,-0.78,2.3,1,1.43
Decathlon,202602,2.43,107.84,0.27,2.3,1,2.16
Decathlon,202603,1.16,51.63,-4.0,2.3,1,5.16
Decathlon,202604,15.73,698.99,-24.44,2.2,10,40.16
Decathlon,202605,0.58,26.0,0.06,2.2,2,0.52
DeLonghi,202601,3.05,50.81,-0.0,6.0,1,3.05
DeLonghi,202603,72.34,1205.73,3.15,6.0,4,69.19
Dermacol,202512,2.55,63.66,-0.0,4.0,1,2.55
Dermacol,202601,5.68,141.98,0.0,4.0,1,5.68
Dermacol,202602,9.88,246.96,0.0,4.0,1,9.88
Dermacol,202603,9.82,245.56,-19.65,4.0,1,29.47
Diablo Chairs,202512,159.51,2453.98,0.0,6.5,3,159.51
Diablo Chairs,202602,333.11,7402.38,0.0,4.5,3,333.1
Diablo Chairs,202603,182.83,4062.89,0.0,4.5,1,182.83
Douglas,202511,6.02,115.84,0.49,5.2,2,5.53
Douglas,202512,1.36,26.11,0.0,5.2,1,1.36
Douglas,202602,3.94,49.22,0.98,8.0,1,2.95
Douglas,202603,53.12,527.47,-16.87,10.1,5,69.99
Douglas,202604,1.18,23.62,-0.59,5.0,1,1.77
Douglas,202605,9.8,122.47,2.45,8.0,2,7.35
Drogeria.pl,202512,15.97,354.76,-0.03,4.5,2,16.0
Drogeria.pl,202601,136.48,3032.81,-0.31,4.5,2,136.79
Drogeria.pl,202602,18.46,410.14,3.27,4.5,2,15.19
Drogeria.pl,202603,38.75,553.48,13.37,7.0,2,25.38
Drogeria.pl,202604,85.59,1902.01,38.42,4.5,1,47.17
Dyson,202510,0.0,0.0,0.0,0.0,1,0.0
Dyson,202512,0.0,0.0,0.0,0.0,1,0.0
Dyson,202601,0.0,0.0,0.0,0.0,1,0.0
Dyson,202605,14.62,365.39,0.0,4.0,1,14.62
eBilet,202512,1.41,103.39,0.37,1.4,1,1.04
eBilet,202604,1.25,155.61,-0.32,0.8,2,1.57
eBilet,202605,0.2,24.64,-0.05,0.8,1,0.25
EMP,202604,1.96,49.04,0.0,4.0,1,1.96
ESET,202602,7.69,76.88,0.0,10.0,1,0.0
ESET,202605,6.84,68.42,-0.0,10.0,1,6.84
Electrolux,202512,82.12,2053.02,-0.42,4.0,1,82.54
Electrolux,202601,23.0,575.08,-0.06,4.0,1,23.06
Electrolux,202602,554.45,13861.14,0.71,4.0,4,553.74
Electrolux,202603,734.39,14106.98,185.4,5.2,3,548.99
Electrolux,202604,667.41,16685.23,-0.67,4.0,2,668.08
Eltrox,202512,20.99,466.54,-0.0,4.5,1,21.0
Eltrox,202601,84.51,1877.94,0.0,4.5,1,84.51
Eltrox,202602,39.05,867.78,0.0,4.5,1,39.05
Eltrox,202604,145.08,3223.91,-0.0,4.5,1,145.08
Empik,202508,31.5,2077.47,-56.53,1.5,5,88.03
Empik,202509,6.71,205.4,-6.99,3.3,11,13.7
Empik,202510,3.04,66.05,-3.92,4.6,3,6.96
Empik,202511,29.66,1364.41,-102.74,2.2,18,132.4
Empik,202512,12.55,369.0,-22.11,3.4,18,34.66
Empik,202601,62.88,4133.12,-366.13,1.5,40,429.01
Empik,202602,45.25,4475.91,-44.26,1.0,6,89.51
Empik,202603,70.21,3244.78,-484.54,2.2,49,554.75
Empik,202604,54.26,2941.51,-165.38,1.8,58,219.64
Empik,202605,9.09,451.46,1.82,2.0,10,7.27
Endo,202602,45.0,499.96,0.0,9.0,1,45.0
Endo,202604,64.91,721.26,0.0,9.0,1,64.91
Erli,202510,5.25,164.15,0.0,3.2,1,5.25
Erli,202511,0.57,17.16,0.0,3.3,2,0.57
Erli,202512,488.13,15265.48,0.0,3.2,14,488.13
Erli,202601,622.01,18773.03,0.0,3.3,13,622.01
Erli,202602,794.2,25376.01,0.0,3.1,23,794.2
Erli,202603,39.06,1192.56,0.0,3.3,20,39.06
Erli,202604,41.68,1367.96,2.25,3.0,74,39.43
Erli,202605,23.95,747.08,0.75,3.2,35,23.2
Estro,202602,5.02,71.75,0.0,7.0,1,0.0
Estro,202603,36.28,518.3,0.0,7.0,1,36.28
Eurofirany,202601,101.26,2031.72,-0.32,5.0,2,101.59
Euroflorist,202603,3.01,25.06,0.03,12.0,1,2.98
Eveline,202512,115.89,1655.53,-0.58,7.0,2,116.47
Eveline,202601,125.12,1787.48,-0.33,7.0,1,125.45
Eveline,202602,253.41,3620.15,0.53,7.0,4,252.88
Eveline,202603,1.7,24.33,0.02,7.0,1,1.68
Eveline,202604,1.73,24.64,-2.98,7.0,1,4.71
Eveline,202605,4.55,65.12,0.64,7.0,4,3.91
Eventim,202601,2.81,140.31,2.14,2.0,1,0.67
Eventim,202603,7.02,350.93,0.0,2.0,4,7.02
Eventim,202604,0.35,17.5,0.0,2.0,1,0.35
Fera,202601,1.1,27.51,0.0,4.0,1,1.1
Fera,202605,1.08,26.86,0.0,4.0,1,1.08
Fielmann,202602,21.2,265.07,0.0,8.0,3,21.2
Flexispot,202604,17.58,351.66,3.52,5.0,1,14.07
Flixbus,202507,0.09,1.74,0.0,5.0,1,0.09
Flixbus,202512,1.42,47.16,0.0,3.0,4,1.42
Flixbus,202601,0.42,13.98,0.0,3.0,3,0.42
Flixbus,202602,1.18,39.28,0.0,3.0,4,1.18
Flixbus,202603,1.84,40.22,0.0,4.6,6,1.84
Flixbus,202604,2.27,75.6,0.0,3.0,5,2.27
Flixbus,202605,1.32,26.31,0.6,5.0,5,0.71
Footshop,202603,96.92,2403.37,72.89,4.0,3,24.03
FotoForma,202603,268.03,10721.34,1.67,2.5,3,266.36
G2A,202601,2.38,47.64,0.0,5.0,2,2.38
G2A,202602,1.16,30.33,-0.35,3.8,2,1.52
G2A,202603,4.04,104.91,-1.21,3.8,5,5.25
G2A,202604,2.96,76.99,-0.89,3.8,6,3.85
GOG,202511,0.78,13.04,0.0,6.0,1,0.0
GOG,202603,0.59,9.81,0.03,6.0,3,0.56
GOG,202604,1.81,30.2,-0.0,6.0,3,1.82
Gabriella,202602,0.98,21.82,0.0,4.5,1,0.98
Gameseal,202512,5.2,86.73,-6.54,6.0,4,11.74
Gameseal,202601,0.87,14.52,-0.58,6.0,1,1.45
Gameseal,202602,99.63,1660.62,-1206.34,6.0,36,1305.98
Gameseal,202603,1.5,24.95,-1.5,6.0,1,2.99
Gameseal,202604,4.08,67.94,-20.51,6.0,5,24.58
Gamivo,202602,157.99,1579.88,-1037.69,10.0,36,1195.68
Gamivo,202603,3.53,35.3,0.0,10.0,1,0.0
Geekbuying.pl,202604,42.28,844.38,0.0,5.0,1,0.0
GetYourGuide,202601,4.0,80.0,-4.0,5.0,1,8.0
GetYourGuide,202603,16.73,334.39,-9.77,5.0,5,26.5
GetYourGuide,202604,17.84,356.77,8.57,5.0,2,9.27
Giacomo Conti,202602,352.32,7046.32,-0.0,5.0,3,352.32
Giacomo Conti,202603,27.57,551.48,0.0,5.0,1,27.57
Giacomo Conti,202604,238.49,4769.88,153.22,5.0,2,85.28
Gomez,202603,74.89,1124.5,2.82,6.7,2,72.07
Greenpoint,202507,1.65,20.62,0.0,8.0,1,1.65
Greenpoint,202512,18.77,234.68,0.0,8.0,2,18.77
Greenpoint,202602,50.4,629.97,30.28,8.0,2,20.12
Greenpoint,202603,62.19,777.42,31.1,8.0,2,31.1
Greenpoint,202604,3.42,42.81,1.71,8.0,1,1.71
Greenpoint,202605,1.29,16.14,0.65,8.0,1,0.64
Groupon,202601,32.17,536.17,0.0,6.0,4,32.17
Groupon,202602,29.8,496.7,0.0,6.0,5,29.8
Groupon,202603,6.28,89.72,0.9,7.0,2,5.38
Groupon,202604,4.02,84.76,-1.42,4.7,4,5.44
Hebe,202509,3.93,63.89,0.0,6.1,1,3.93
Hebe,202510,6.36,103.33,-6.58,6.2,3,12.94
Hebe,202511,9.41,153.03,-2.27,6.1,3,11.68
Hebe,202512,22.76,370.24,-17.62,6.1,18,40.39
Hebe,202601,15.65,254.5,-8.88,6.1,11,24.53
Hebe,202602,13.62,221.55,2.54,6.1,11,11.08
Hebe,202603,26.91,414.06,-16.71,6.5,19,43.62
Hebe,202604,16.83,258.89,-25.33,6.5,12,42.16
Hebe,202605,6.33,97.54,1.12,6.5,4,5.21
Homla,202511,10.85,226.04,0.0,4.8,1,10.85
Homla,202512,0.67,14.02,-0.0,4.8,1,0.68
Homla,202601,1.04,21.53,0.0,4.8,2,1.03
Homla,202603,8.18,170.46,0.06,4.8,4,8.12
Homla,202604,4.06,84.55,-0.02,4.8,1,4.08
Homla,202605,1.55,32.38,-0.0,4.8,1,1.55
Huawei,202602,6.37,165.83,0.58,3.8,1,5.79
Intymna,202605,1.45,23.46,0.42,6.2,1,1.03
JD Sports,202512,3.85,38.52,-1.93,10.0,1,5.78
JD Sports,202601,5.09,127.2,0.0,4.0,1,5.09
JD Sports,202603,0.53,6.67,0.0,8.0,1,0.53
JD Sports,202604,9.39,187.76,0.0,5.0,1,9.39
Joom,202603,5.19,53.03,0.0,9.8,5,5.19
Joom,202605,1.58,16.2,0.12,9.8,1,1.46
KFC,202512,2.54,45.95,-0.0,5.5,3,2.54
KFC,202601,4.5,81.38,0.0,5.5,4,4.5
KFC,202602,2.29,41.37,0.0,5.5,3,2.29
KFC,202603,1.33,24.05,-1.08,5.5,1,2.4
KFC,202604,1.8,32.52,0.5,5.5,2,1.3
Katalog Marzeń,202603,0.79,28.12,0.0,2.8,1,0.0
Katalog Marzeń,202604,1.43,51.1,0.0,2.8,1,1.43
Kazar,202512,400.66,6164.0,0.0,6.5,3,400.66
Kinguin,202510,0.83,41.49,-1.24,2.0,1,2.07
Kinguin,202511,0.66,32.54,-2.04,2.0,2,2.7
Kinguin,202512,0.68,32.87,-0.96,2.1,3,1.64
Kinguin,202601,2.61,125.48,-28.76,2.1,4,31.37
Kinguin,202602,2.8,140.78,-0.35,2.0,16,3.15
Kinguin,202603,3.63,160.32,-4.19,2.3,9,7.82
Kinguin,202604,4.62,126.16,3.36,3.7,6,1.26
Kinguin,202605,3.61,175.07,-4.69,2.1,5,8.3
Komputronik,202511,10.92,722.97,0.08,1.5,2,10.85
Komputronik,202512,104.9,6940.22,2.32,1.5,2,102.58
Komputronik,202604,14.28,944.61,0.0,1.5,1,0.0
Konesso,202509,3.5,84.69,2.5,4.1,1,1.0
Konesso,202511,8.41,710.19,0.03,1.2,1,8.38
Konesso,202512,92.94,2714.42,-25.2,3.4,3,118.15
Konesso,202601,6.34,153.16,-1.72,4.1,3,8.06
Krakvet,202601,1.53,38.32,-0.01,4.0,1,1.54
Krakvet,202602,18.2,454.89,-14.9,4.0,4,33.1
Król Materacy,202602,61.87,773.4,-0.0,8.0,2,61.87
LEGO,202506,0.1,3.21,0.0,3.0,1,0.0
LEGO,202511,1.52,50.61,0.0,3.0,1,1.52
LEGO,202512,3.11,103.69,0.0,3.0,1,3.11
LEGO,202603,23.33,333.24,15.22,7.0,3,8.1
LG,202601,12.92,646.14,-3.23,2.0,1,16.15
LG,202603,8.23,411.65,-2.06,2.0,1,10.29
LG,202604,14.91,745.4,-3.73,2.0,1,18.64
LOT,202602,33.16,2210.51,0.0,1.5,3,33.16
LOT,202603,29.45,1963.04,0.0,1.5,3,29.45
LOT,202604,54.56,3637.59,1.13,1.5,9,53.44
Lampy.pl,202512,203.67,2545.89,0.0,8.0,1,203.67
Lampy.pl,202603,9.86,151.14,-2.24,6.5,2,12.09
Lampy.pl,202604,1.24,15.56,0.0,8.0,1,1.24
Legimi,202511,11.35,0.0,0.0,0.0,4,11.35
Legimi,202601,2.84,13.02,0.0,21.8,1,2.84
Legimi,202602,830.42,0.0,0.0,0.0,292,830.42
Legimi,202603,322.88,7.49,0.0,4309.7,115,322.88
Legimi,202604,408.77,9.17,0.0,4459.1,145,408.77
Leo Express,202603,5.79,41.33,0.0,14.0,1,5.79
Leroy Merlin,202507,13.68,228.03,0.0,6.0,1,13.68
Leroy Merlin,202508,27.06,678.22,-13.63,4.0,3,40.69
Leroy Merlin,202509,27.39,686.46,0.0,4.0,1,27.39
Leroy Merlin,202510,73.35,1674.67,-25.49,4.4,13,98.84
Leroy Merlin,202511,0.94,41.96,0.08,2.2,3,0.86
Leroy Merlin,202512,12.23,419.78,1.06,2.9,2,11.17
Leroy Merlin,202601,127.49,2910.61,52.63,4.4,6,74.86
Leroy Merlin,202602,42.53,971.02,-5.56,4.4,8,48.09
Leroy Merlin,202603,146.74,3648.29,13.55,4.0,23,133.19
Leroy Merlin,202604,130.12,5941.93,-101.07,2.2,31,231.2
Leroy Merlin,202605,150.39,3433.47,63.78,4.4,7,86.61
Lidl,202511,4.79,478.69,-0.02,1.0,1,4.81
Lidl,202601,9.65,965.13,-81.56,1.0,3,91.21
Lidl,202602,23.14,2314.57,-280.6,1.0,10,303.74
Lidl,202603,2.66,265.45,-1.59,1.0,4,4.25
Lidl,202604,1.47,147.65,-4.46,1.0,4,5.93
Lidl,202605,2.97,100.73,0.22,2.9,2,2.76
Lookfantastic,202512,2.2,45.38,-0.44,4.8,2,2.64
Mamyito,202601,1.84,38.39,-0.01,4.8,1,1.85
Mamyito,202603,4.15,86.41,0.05,4.8,2,4.1
Mamyito,202604,7.09,147.69,-0.04,4.8,3,7.13
Mango Outlet,202603,64.73,431.51,-12.03,15.0,4,76.76
Marilyn,202602,67.7,1128.34,-0.0,6.0,1,67.7
Marilyn,202603,11.74,195.6,0.0,6.0,1,11.74
Max Elektro,202511,103.57,2589.15,-0.19,4.0,1,103.76
Max Elektro,202512,21.71,542.67,-0.05,4.0,1,21.76
Max Elektro,202601,206.78,5169.37,112.11,4.0,2,94.67
Max Elektro,202602,65.92,1648.09,0.14,4.0,1,65.78
Max Elektro,202603,73.8,1844.89,1.08,4.0,1,72.72
Maxi Zoo,202509,1663.61,46498.66,0.0,3.6,371,1663.61
Maxi Zoo,202510,1350.02,46608.38,-152.22,2.9,363,1502.24
Maxi Zoo,202511,142.76,9221.63,0.0,1.5,73,142.76
Maxi Zoo,202601,0.88,29.37,0.0,3.0,1,0.88
Maxi Zoo,202603,13.61,408.35,3.03,3.3,5,10.58
Maxi Zoo,202604,2.49,51.55,0.42,4.8,3,2.08
MebleMWM,202510,215.84,3372.54,-1.21,6.4,1,217.05
MebleMWM,202512,361.27,5644.78,-1.82,6.4,2,363.09
MebleMWM,202601,440.66,6885.32,107.53,6.4,5,333.13
MebleMWM,202602,2435.84,38060.21,654.4,6.4,14,1781.44
MebleMWM,202603,3560.11,55626.66,2746.07,6.4,18,814.04
MebleMWM,202604,927.72,14495.68,739.74,6.4,4,187.98
MebleMWM,202605,182.99,2859.17,102.27,6.4,3,80.72
MediaMarkt,202509,0.35,23.45,0.03,1.5,1,0.32
MediaMarkt,202510,3.86,257.5,-22.03,1.5,1,25.89
MediaMarkt,202511,35.86,1195.53,-93.46,3.0,9,129.32
MediaMarkt,202512,101.66,5012.27,-204.24,2.0,16,305.9
MediaMarkt,202601,5.77,192.6,0.67,3.0,4,5.1
MediaMarkt,202602,32.4,1304.81,-52.46,2.5,7,84.86
MediaMarkt,202603,104.49,5330.8,-51.14,2.0,16,155.64
MediaMarkt,202604,108.06,5460.74,7.02,2.0,9,101.04
MediaMarkt,202605,100.77,2753.63,48.2,3.7,2,52.57
Medicine,202511,4.17,69.51,0.0,6.0,2,4.17
Medicine,202602,5.87,97.82,4.21,6.0,2,1.66
Medicine,202603,3.51,58.55,2.0,6.0,2,1.51
Medicine,202604,9.22,153.6,3.08,6.0,4,6.13
Merkury Market,202511,143.82,4109.1,0.0,3.5,8,0.0
Merkury Market,202601,142.42,4069.07,0.0,3.5,3,142.42
Merkury Market,202602,205.18,5862.39,0.0,3.5,3,205.18
Merkury Market,202604,173.7,4962.87,5.87,3.5,2,167.83
Modivo,202510,3.98,104.76,-6.56,3.8,1,10.54
Modivo,202511,1.38,16.8,0.71,8.2,2,0.67
Modivo,202512,9.03,233.33,-15.97,3.9,2,25.0
Modivo,202601,10.88,274.79,7.88,4.0,4,3.0
Modivo,202602,12.82,337.52,3.1,3.8,3,9.72
Modivo,202603,49.54,1021.85,4.91,4.8,8,44.63
Modivo,202604,19.1,428.83,-5.68,4.5,7,24.78
Modivo,202605,2.21,40.56,0.59,5.4,2,1.62
Mountain Warehouse,202601,8.67,144.46,0.0,6.0,1,8.67
NEONAIL,202511,1.34,19.15,0.0,7.0,1,1.34
New Balance,202511,15.71,483.77,0.0,3.2,5,0.0
New Balance,202512,5.94,182.74,-1.1,3.2,1,7.04
New Balance,202603,9.17,91.67,-16.01,10.0,2,25.18
New Balance,202604,12.91,172.11,-4.3,7.5,1,17.21
New Balance,202605,0.78,25.82,0.0,3.0,1,0.78
Nike,202510,2.99,99.55,0.0,3.0,1,2.99
Nike,202511,20.85,695.05,-37.67,3.0,10,58.52
Nike,202512,5.26,175.22,1.75,3.0,2,3.5
Nike,202601,3.27,109.0,1.09,3.0,2,2.18
Ninja,202511,3.1,62.06,-3.1,5.0,1,6.21
Ninja,202512,86.5,1729.99,39.21,5.0,1,47.29
Ninja,202601,31.63,316.3,-3.82,10.0,3,35.45
Ninja,202602,492.9,4929.02,433.99,10.0,2,58.91
Ninja,202603,891.77,8352.06,798.37,10.7,2,93.4
Ninja,202604,492.14,9842.84,398.48,5.0,3,93.66
NordVPN,202601,23.51,58.77,0.0,40.0,1,23.51
NordVPN,202602,25.58,63.95,0.0,40.0,1,25.58
Notino,202511,13.16,357.25,-7.95,3.7,6,21.11
Notino,202512,103.94,2224.63,5.6,4.7,12,98.34
Notino,202601,166.2,3510.25,-81.3,4.7,11,247.5
Notino,202602,122.75,2553.45,-33.43,4.8,8,156.17
Notino,202603,1101.69,22141.61,0.21,5.0,21,1101.48
Notino,202604,735.24,15299.31,40.22,4.8,27,695.02
Notino,202605,18.58,453.16,3.5,4.1,9,15.08
Novakid,202604,0.0,0.0,0.0,0.0,2,0.0
OBI,202601,8.35,167.05,-0.0,5.0,2,8.35
OBI,202602,49.6,991.91,7.29,5.0,5,42.3
OBI,202603,54.04,1080.7,0.0,5.0,5,54.03
OBI,202604,142.68,2853.61,71.8,5.0,10,70.88
OleOle!,202511,22.61,1130.71,-0.95,2.0,1,23.56
OleOle!,202512,215.51,10775.02,-4.86,2.0,5,220.37
OleOle!,202601,238.74,11936.85,105.39,2.0,3,133.35
OleOle!,202602,638.63,31931.62,159.66,2.0,3,478.97
OleOle!,202603,444.74,16535.36,321.43,2.7,6,123.31
OleOle!,202604,184.16,9207.77,124.79,2.0,6,59.37
Olimp Store,202602,1.51,36.03,0.0,4.2,1,0.0
Orange,202601,82.52,0.24,1.37,34383.3,1,81.15
Orange,202603,531.95,1.92,4.66,27705.7,9,527.29
Orange,202604,27.76,0.46,-0.16,6034.8,2,27.92
Orange,202605,84.48,0.23,-0.0,36730.4,1,84.48
Orange Store,202601,84.37,3998.12,4.58,2.1,4,79.79
PRM,202512,7.13,71.26,-0.0,10.0,1,7.13
PRM,202603,63.17,631.7,25.27,10.0,3,37.9
PRM,202604,25.42,254.22,1.6,10.0,2,23.82
Pan Materac,202509,0.87,10.88,0.0,8.0,1,0.87
Pan Materac,202510,133.38,1667.29,-0.75,8.0,1,134.13
Pan Materac,202601,357.58,4469.69,-0.94,8.0,2,358.52
Pan Materac,202602,502.2,6277.53,1.06,8.0,3,501.14
Pan Materac,202603,140.98,1762.27,1.48,8.0,2,139.5
Pan Materac,202604,1339.08,16738.36,-7.88,8.0,4,1346.96
Peek & Cloppenburg,202604,4.25,141.74,0.71,3.0,1,3.54
Perfumy.pl,202601,54.66,962.24,6.54,5.7,1,48.11
Perfumy.pl,202604,0.0,0.0,0.0,0.0,1,0.0
Petkarma,202603,8.72,174.38,0.0,5.0,1,8.72
Petkarma,202605,64.76,1295.15,0.0,5.0,1,64.76
Philips,202602,14.42,412.04,12.69,3.5,4,1.73
Play,202604,116.64,49.76,-0.61,234.4,2,117.25
Przyjaciele Kawy,202512,580.84,7553.2,-1.41,7.7,1,582.25
Przyjaciele Kawy,202601,229.2,8751.99,-0.6,2.6,3,229.8
Przyjaciele Kawy,202602,2088.25,38007.01,1280.49,5.5,8,807.76
Przyjaciele Kawy,202603,3971.25,89444.04,3423.63,4.4,17,547.62
Przyjaciele Kawy,202604,888.26,18375.52,741.78,4.8,5,146.48
Puma,202512,155.01,2583.46,0.0,6.0,1,155.01
Puma,202601,155.08,2584.69,0.0,6.0,1,155.08
Pyszne.pl,202506,1.22,40.8,0.0,3.0,1,1.22
Pyszne.pl,202510,2.39,79.62,-5.66,3.0,3,8.05
Pyszne.pl,202511,2.81,75.42,-16.87,3.7,5,19.68
Pyszne.pl,202512,7.19,179.75,-31.48,4.0,8,38.66
Pyszne.pl,202601,16.9,422.66,-65.21,4.0,25,82.11
Pyszne.pl,202602,14.45,481.41,-128.37,3.0,20,142.82
Pyszne.pl,202603,16.53,551.06,-91.34,3.0,31,107.87
Pyszne.pl,202604,26.24,874.22,-94.39,3.0,46,120.62
Pyszne.pl,202605,2.89,96.53,1.49,3.0,3,1.41
RTV Euro AGD,202510,3.5,58.34,2.92,6.0,1,0.58
RTV Euro AGD,202511,147.09,6813.21,-249.06,2.2,18,396.15
RTV Euro AGD,202512,305.37,14277.58,-245.89,2.1,29,551.26
RTV Euro AGD,202601,18.7,890.62,-85.66,2.1,7,104.36
RTV Euro AGD,202602,306.72,12438.7,-59.69,2.5,17,366.41
RTV Euro AGD,202603,169.5,9044.33,-76.41,1.9,24,245.91
RTV Euro AGD,202604,117.62,6722.18,-14.64,1.7,25,132.26
RTV Euro AGD,202605,36.11,2063.46,12.02,1.7,5,24.09
Radisson Hotels,202512,61.18,764.79,-0.08,8.0,2,61.26
Regatta,202602,519.64,5239.91,-4.35,9.9,12,523.99
Regatta,202605,3.91,78.13,0.0,5.0,1,3.91
Remix,202603,4.61,102.42,0.0,4.5,1,4.61
Renee,202512,13.06,217.75,-0.07,6.0,1,13.13
Renee,202602,22.97,382.84,0.38,6.0,2,22.59
Renee,202603,32.3,538.31,0.32,6.0,3,31.98
Renee,202604,1.9,31.67,-0.91,6.0,2,2.81
Samsung,202512,81.87,1637.36,32.75,5.0,1,49.12
Samsung,202602,77.57,2585.69,0.0,3.0,1,77.57
Samsung,202603,11.92,238.4,-23.84,5.0,1,35.76
Samsung,202604,28.32,566.36,11.33,5.0,1,16.99
Senpo.pl,202512,621.99,6219.85,-0.71,10.0,3,622.7
Senpo.pl,202601,720.25,8208.24,-102.64,8.8,4,822.89
Senpo.pl,202602,932.28,9322.69,0.34,10.0,7,931.94
Sephora,202507,1.02,39.44,-0.8,2.6,1,1.82
Sephora,202510,0.48,18.55,-0.91,2.6,1,1.39
Sephora,202511,9.78,235.48,-15.61,4.2,7,25.39
Sephora,202512,4.73,182.2,-1.81,2.6,3,6.54
Sephora,202601,0.92,35.5,-0.85,2.6,1,1.78
Sephora,202602,9.75,195.05,0.0,5.0,2,9.75
Sephora,202603,5.85,270.92,0.0,2.2,2,5.85
Sephora,202604,1.72,34.49,0.0,5.0,1,1.72
Sferis,202601,84.13,3643.43,25.68,2.3,1,58.45
Sferis,202602,15.18,948.47,-32.27,1.6,1,47.45
Sferis,202603,37.18,2071.59,4.17,1.8,3,33.01
Sferis,202604,9.72,388.67,3.46,2.5,1,6.26
Shark,202602,308.55,3085.54,185.13,10.0,1,123.42
Shark,202604,481.98,9639.59,341.05,5.0,3,140.94
SHEIN,202509,0.19,18.67,-1.68,1.0,1,1.87
SHEIN,202510,2.78,277.13,-4.68,1.0,3,7.45
SHEIN,202511,47.65,906.11,-84.38,5.3,23,132.04
SHEIN,202512,38.09,952.31,12.08,4.0,16,26.01
SHEIN,202601,2.54,241.07,0.34,1.1,12,2.2
SHEIN,202602,21.85,1006.76,1.18,2.2,21,20.66
SHEIN,202603,66.69,1261.8,9.8,5.3,50,56.89
SHEIN,202604,57.98,699.38,-26.33,8.3,34,84.31
SHEIN,202605,6.06,121.4,0.61,5.0,8,5.46
Sinsay,202506,3.27,40.89,0.67,8.0,1,2.6
SkyShowtime,202603,305.67,148.97,-300.08,205.2,23,605.75
SkyShowtime,202604,14.05,23.41,0.0,60.0,2,14.05
SkyShowtime,202605,7.1,11.83,0.0,60.0,1,7.1
SportStyleStory,202512,57.64,960.69,-0.29,6.0,2,57.93
SportStyleStory,202601,31.8,530.01,-0.02,6.0,1,31.82
SportStyleStory,202602,179.34,2989.15,2.97,6.0,3,176.37
SportStyleStory,202603,1008.19,16803.35,8.79,6.0,6,999.4
SportStyleStory,202605,6.62,110.29,0.0,6.0,1,6.62
Streetstyle24,202512,59.12,854.39,0.17,6.9,1,58.95
Streetstyle24,202602,1079.82,15604.29,143.56,6.9,7,936.25
Streetstyle24,202603,231.13,3340.0,125.9,6.9,3,105.22
Streetstyle24,202604,7.01,101.25,0.93,6.9,1,6.08
Stylevana,202604,11.88,165.58,7.98,7.2,2,3.9
Sun & Snow,202603,13.64,194.79,4.87,7.0,1,8.76
Tagomago,202510,0.71,18.53,-0.0,3.8,1,0.71
Tagomago,202511,2.91,54.14,-0.34,5.4,1,3.25
Temu,202508,4.44,233.52,0.1,1.9,10,4.34
Temu,202509,0.0,621.78,0.0,0.0,15,0.0
Temu,202510,203.57,1463.46,-61.27,13.9,62,264.84
Temu,202511,1420.78,8540.78,512.89,16.6,360,907.89
Temu,202512,1627.73,8877.83,506.69,18.3,441,1121.04
Temu,202601,1517.43,10396.31,-210.0,14.6,518,1727.43
Temu,202602,1365.53,9921.42,205.24,13.8,488,1160.29
Temu,202603,1996.82,12753.41,35.82,15.7,637,1961.0
Temu,202604,1337.96,9032.47,50.52,14.8,490,1287.44
Temu,202605,336.59,2288.04,24.11,14.7,133,312.48
Tescoma,202605,67.32,961.78,33.66,7.0,1,33.66
Teufel,202512,68.53,1713.3,0.0,4.0,1,68.53
Teufel,202602,26.56,663.87,0.0,4.0,1,26.55
Top Secret,202506,0.47,6.65,0.0,7.0,1,0.46
Top Secret,202511,49.1,701.5,0.0,7.0,1,49.1
Trip.com,202602,24.87,835.03,18.87,3.0,3,6.0
Trip.com,202603,80.93,3849.61,40.63,2.1,7,40.3
Trip.com,202604,134.9,2452.49,0.0,5.5,2,0.0
Ucando,202603,6.09,152.21,0.0,4.0,1,6.09
Udemy,202512,1.1,5.52,-0.0,19.9,1,1.1
Udemy,202603,4.98,16.65,0.0,29.9,3,4.98
Udemy,202604,1.27,12.75,0.0,10.0,2,1.27
Van Graaf,202512,241.15,2679.42,-0.58,9.0,1,241.73
Van Graaf,202601,42.84,476.04,-0.02,9.0,1,42.86
Van Graaf,202602,57.9,643.34,10.47,9.0,1,47.43
Van Graaf,202603,57.15,476.28,24.3,12.0,1,32.85
Van Graaf,202604,252.2,2802.25,205.03,9.0,1,47.17
Victoria's Secret,202512,0.4,9.93,0.05,4.0,1,0.35
VidaXL,202604,2.29,78.95,0.0,2.9,1,2.29
Vision Express,202508,1.55,51.75,-1.55,3.0,1,3.1
Vision Express,202512,1.72,28.65,0.23,6.0,1,1.49
Vision Express,202602,1.62,26.96,0.0,6.0,1,1.62
Vision Express,202603,1.57,26.19,0.0,6.0,1,1.57
Vision Express,202604,1.74,58.0,-1.74,3.0,1,3.48
Vobis,202512,65.44,1308.87,-0.33,5.0,1,65.77
Vobis,202601,176.26,3525.12,-0.09,5.0,1,176.35
Vobis,202603,20.11,402.22,0.18,5.0,1,19.93
Vobis,202604,191.85,5481.31,144.85,3.5,1,47.0
Vobis,202605,34.43,1377.05,2.75,2.5,2,31.68
Volcano,202512,233.63,3337.6,-0.57,7.0,1,234.2
Wolt,202507,0.0,10.67,0.0,0.0,1,0.0
Wolt,202510,3.71,24.67,-1.23,15.0,1,4.94
Wolt,202511,0.0,23.6,0.0,0.0,1,0.0
Wolt,202602,5.0,12.09,0.02,41.4,1,4.98
Your KAYA,202604,4.46,63.66,0.0,7.0,1,4.46
Yves Rocher,202512,2.46,49.21,-0.0,5.0,1,2.46
Yves Rocher,202603,2.55,51.08,0.0,5.0,1,2.55
Lounge by Zalando,202508,12.15,326.16,-7.42,3.7,9,19.57
Lounge by Zalando,202509,4.4,113.66,-2.42,3.9,3,6.82
Lounge by Zalando,202510,30.04,500.7,-2.02,6.0,8,32.06
Lounge by Zalando,202511,31.88,680.66,-10.89,4.7,11,42.77
Lounge by Zalando,202512,42.04,918.64,9.52,4.6,14,32.52
Lounge by Zalando,202601,114.09,2108.65,39.48,5.4,19,74.61
Lounge by Zalando,202602,101.64,1890.11,37.11,5.4,29,64.53
Lounge by Zalando,202603,93.67,1813.66,-2.28,5.2,31,95.95
Lounge by Zalando,202604,152.33,4448.83,29.58,3.4,58,122.75
Lounge by Zalando,202605,51.62,1715.63,6.73,3.0,18,44.9
Zwieger,202605,14.07,351.77,3.52,4.0,1,10.55
Adidas,202505,0.16,7.9,-0.32,2.0,1,0.47
Adidas,202506,1.2,19.93,0.0,6.0,3,1.2
Adidas,202507,0.8,13.38,0.0,6.0,1,0.8
Adidas,202509,0.4,6.68,0.0,6.0,1,0.4
Adidas,202510,9.24,259.48,-6.11,3.6,4,15.34
Adidas,202511,115.34,3592.7,108.0,3.2,57,7.35
Adidas,202512,0.0,0.24,0.0,0.0,1,0.0
Adidas,202602,3.0,49.98,-13.23,6.0,1,16.22
Adidas,202603,8.12,135.28,0.8,6.0,1,7.32
Adidas,202604,11.88,427.79,2.65,2.8,6,9.23
e-torty,202511,6.21,41.42,0.0,15.0,1,0.0
e-torty,202512,11.95,79.69,4.6,15.0,3,7.35
eSky,202601,76.75,2192.94,-0.0,3.5,1,76.75
eSky,202602,8.33,237.92,0.0,3.5,1,8.33
eSky,202603,17.67,504.88,0.0,3.5,1,17.67
eSky,202604,17.5,500.07,0.0,3.5,1,17.5
eobuwie,202507,0.59,24.54,-1.16,2.4,1,1.75
eobuwie,202510,15.72,625.32,-18.63,2.5,4,34.35
eobuwie,202511,14.65,488.7,-0.54,3.0,5,15.19
eobuwie,202512,22.03,509.37,-1.12,4.3,4,23.15
eobuwie,202601,28.41,569.05,17.3,5.0,7,11.11
eobuwie,202602,2.82,117.54,0.02,2.4,2,2.8
eobuwie,202603,70.56,1447.81,12.56,4.9,18,58.0
eobuwie,202604,35.95,1011.82,12.37,3.6,16,23.58
eobuwie,202605,12.98,365.38,5.36,3.6,7,7.62
home&you,202512,4.79,73.68,3.41,6.5,3,1.38
home&you,202601,23.78,365.87,-0.06,6.5,2,23.84
home&you,202602,72.76,1119.44,7.62,6.5,3,65.14
home&you,202603,42.26,683.98,0.63,6.2,18,41.63
home&you,202604,1.55,38.69,-0.01,4.0,1,1.56
home&you,202605,3.34,83.52,0.0,4.0,2,0.0
iBOOD,202510,0.76,75.89,0.0,1.0,1,0.76
iBOOD,202601,10.55,263.72,9.54,4.0,3,1.0
iBOOD,202602,1.63,81.45,0.0,2.0,1,0.0
iDream,202512,6.21,712.02,-15.15,0.9,2,21.36
iDream,202601,45.09,1038.84,13.92,4.3,1,31.16
iDream,202604,39.29,3508.15,0.0,1.1,3,0.0
iHerb,202511,10.12,127.11,-0.05,8.0,1,10.17
iHerb,202512,2.29,57.46,-2.31,4.0,1,4.6
iHerb,202601,5.76,144.31,-0.02,4.0,2,5.77
iHerb,202602,23.74,297.47,-16.12,8.0,4,39.87
iHerb,202603,14.76,220.41,-11.44,6.7,4,26.2
iHerb,202605,1.04,25.93,-2.85,4.0,1,3.89
iParts,202601,10.11,288.77,0.0,3.5,1,10.11
iParts,202604,1.27,36.21,-0.0,3.5,1,1.27
lionelo,202512,322.32,5371.91,1.44,6.0,5,320.88
lionelo,202601,726.57,12109.15,2.13,6.0,13,724.44
lionelo,202602,1479.85,24663.82,669.24,6.0,14,810.61
zooplus,202507,0.76,75.97,0.76,1.0,1,0.0
zooplus,202508,502.37,19712.85,107.57,2.5,92,394.8
zooplus,202509,914.62,37628.18,-1400.05,2.4,169,2314.67
zooplus,202510,374.82,18279.8,-136.21,2.1,73,511.03
zooplus,202511,20.6,1093.53,-8.95,1.9,23,29.55
zooplus,202512,119.91,4303.71,-189.04,2.8,21,308.96
zooplus,202601,472.78,19080.07,91.04,2.5,33,381.74
zooplus,202602,994.27,35827.06,197.01,2.8,48,797.26
zooplus,202603,32.35,2442.44,-26.61,1.3,41,58.96
zooplus,202604,15.58,1275.57,-41.78,1.2,30,57.36
zooplus,202605,5.1,468.42,0.39,1.1,8,4.71
Świat supli,202512,2.9,57.96,0.0,5.0,1,2.9
Świat supli,202601,3.87,77.43,0.0,5.0,2,3.87
Świat supli,202602,101.64,2032.92,0.0,5.0,4,101.64
Świat supli,202603,27.68,553.56,0.0,5.0,1,27.68
