retailer,affiliate_network,quality,category,category_group,is_merchant_active,is_merchant_monetized,avg_cpa_in,avg_margin_eur,avg_revenue_eur,avg_gmv_eur,avg_cb_total_eur,total_transactions,months_with_data,margin_alert
24MX,Commission Junction,B,Food & Drink,Lifestyle,True,True,5.0,0.0,7.7,154.04,0.0,1,1,False
4Home,No Affiliate Network,D,Multi-Departments,Multi-Category,False,False,6.0,-0.63,125.93,2098.69,126.56,3,1,True
AXA Partners,Commission Junction,B,Finance & Insurance,Services,True,True,20.0,21.19,57.4,286.98,31.3,6,3,False
Abra,Tradedoubler,C,Home & Garden,Multi-Category,True,True,4.2,7.7,167.09,3978.39,159.39,11,7,False
Acer,AWIN,C,Electronics,Technology,True,True,8.5,2.02,4.91,57.75,2.89,1,1,False
Aclari,AWIN,F,Jewellery,Fashion,True,True,3.0,8.82,22.05,734.88,13.22,2,2,False
Aelia,Tradedoubler,E,Health & Beauty,Multi-Category,True,True,6.5,11.54,47.58,731.87,36.04,2,2,False
Agoda,Commission Junction,B,Travel agencies,Travel,True,True,6.0,1.46,5.45,90.82,3.99,10,3,False
AirHelp,Commission Junction,E,not_attributed,not_attributed,True,True,20.0,-9.67,19.33,96.66,29.0,1,1,True
ALAB Laboratoria,Tradedoubler,A,Health & Beauty,Multi-Category,True,True,6.34,-0.44,10.43,161.12,10.87,19,7,True
AliExpress,AWIN,AAA,Multi-Departments,Multi-Category,True,True,5.14,-124.25,605.18,12103.64,729.43,16685,18,True
Alibaba,Admitad,E,Multi-Departments,Multi-Category,True,True,4.62,0.61,21.16,396.79,20.54,11,5,False
Allegro,Admitad,AA,Multi-Departments,Multi-Category,True,True,1.74,-1159.08,819.28,47862.42,1978.37,44441,18,True
Answear,AWIN,AA+,Fashion,Fashion,True,True,3.68,31.15,94.68,2634.74,63.53,50,13,False
AUTODOC,Tradedoubler,B,Automotive,Lifestyle,True,True,9.0,4.75,38.39,391.96,33.64,2,2,False
Brasty,Commission Junction,B,Health & Beauty,Multi-Category,True,True,1.14,0.29,47.57,2441.35,47.23,13,7,False
Banggood,Tradetracker,C,Electronics,Technology,True,True,6.0,0.12,1.17,19.47,1.04,2,2,False
Baseus,Admitad,E,Electronics,Technology,True,True,4.0,2.51,14.92,372.85,12.4,2,1,False
BasicLab,AWIN,B,Health & Beauty,Multi-Category,True,True,3.0,0.6,61.73,2057.64,61.13,14,6,False
Bibliotheque De Parfum,No Affiliate Network,Rejected,not_attributed,not_attributed,False,False,12.0,0.0,7.18,59.93,0.0,1,1,False
Bonprix,Tradedoubler,C,Fashion,Fashion,True,True,4.0,-0.05,1.01,25.36,1.06,3,3,True
Born2Be,Tradedoubler,A,Fashion,Fashion,True,True,6.08,2.51,20.83,345.17,17.94,18,9,False
Bricomarche,Tradedoubler,B,Food & Drink,Lifestyle,True,True,5.76,3.35,26.06,488.59,22.71,67,10,False
Broń.pl,No Affiliate Network,Rejected,not_attributed,not_attributed,False,False,8.0,0.27,360.85,4510.6,360.58,16,3,False
Byrokko,Commission Junction,E,Health & Beauty,Multi-Category,True,True,16.67,10.7,16.67,97.98,3.21,3,3,False
CCC,AWIN,A+,Footwear,Fashion,True,True,5.88,4.79,16.71,282.36,11.92,72,12,False
CDKeys,Admitad,D,Online Gaming,Technology,True,True,2.68,0.55,1.65,67.88,1.1,24,8,False
Carrefour,Admitad,B,Multi-Departments,Multi-Category,True,True,3.07,1.26,3.56,113.76,2.29,16,9,False
Castorama,Admitad,A,Home & Garden,Multi-Category,True,True,4.0,4.65,58.96,1474.21,54.31,69,11,False
Ceneo,Tradedoubler,C,Multi-Departments,Multi-Category,True,True,23.52,3.49,6.92,346.81,3.42,38,9,False
Cobi,Tradetracker,C,Baby & Child,Multi-Category,True,True,3.0,0.39,6.91,230.88,6.52,2,1,False
Cocolita,Tradedoubler,AA,Health & Beauty,Multi-Category,True,True,5.41,15.06,32.56,610.52,17.5,14,8,False
Colorland,Tradetracker,A,Gifts & Flowers,Lifestyle,True,True,7.46,-2.54,2.88,51.13,4.43,7,5,True
Converse,AWIN,D,Footwear,Fashion,True,True,6.15,1.66,20.92,385.07,19.25,11,4,False
Crocs,AWIN,C,Footwear,Fashion,True,True,4.0,11.86,41.03,1025.77,29.18,7,2,False
Cropp,Commission Junction,A,Fashion,Fashion,True,True,6.4,1.03,5.75,89.33,3.13,21,8,False
Cyfrowe.pl,Tradetracker,B,Electronics,Technology,True,True,1.82,-4.71,54.0,2928.64,55.23,12,5,True
DHGate,Commission Junction,B,Electronics,Technology,True,True,2.0,0.0,0.23,11.5,0.23,1,1,False
DHL,No Affiliate Network,B,Utilities,Services,True,False,9.17,0.39,2.19,21.94,0.39,6,3,False
Dstreet,AWIN,B,Fashion,Fashion,True,True,9.0,0.0,94.02,1044.7,93.28,17,8,False
Decathlon,Webgains,A,Sport Fashion,Fashion,True,True,2.28,-10.23,5.4,235.16,15.63,38,12,True
Dedoles,No Affiliate Network,C,Fashion,Fashion,True,False,8.0,0.0,1.19,14.87,1.19,2,1,False
DeLonghi,Tradedoubler,B,Appliance,Technology,True,True,6.0,0.71,39.36,655.99,38.65,9,5,False
Dermacol,Commission Junction,E,not_attributed,not_attributed,True,True,4.0,-4.91,6.98,174.54,11.9,4,4,True
Desigual,Admitad,C,Fashion,Fashion,True,True,7.7,-0.02,7.28,94.8,7.3,3,2,True
Diablo Chairs,Commission Junction,B,Home & Garden,Multi-Category,True,True,5.0,0.28,171.38,3535.81,171.1,8,4,False
Disney+,Impact Radius,A+,Entertainment,Lifestyle,True,True,33.52,-0.89,15.85,39.42,16.74,9,4,True
Douglas,AWIN,AA+,Health & Beauty,Multi-Category,True,True,7.19,-1.91,16.91,209.01,18.82,33,10,True
Drogeria Pigment,Tradedoubler,E,Health & Beauty,Multi-Category,True,True,5.5,9.19,49.76,1049.05,40.56,10,6,False
Dyson,Tradedoubler,A+,Electronics,Technology,True,True,2.0,2.13,8.07,201.89,5.95,6,6,False
eBilet,Tradedoubler,C,Entertainment,Lifestyle,True,True,0.9,-0.2,1.35,156.73,1.56,12,6,True
EMP,AWIN,C,Entertainment,Lifestyle,True,True,4.0,0.0,1.96,49.04,1.96,1,1,False
ESET,Commission Junction,A,Electronics,Technology,True,True,10.0,3.16,7.79,77.93,2.07,3,3,False
Electrolux,Tradedoubler,B,Appliance,Technology,True,True,4.2,30.78,343.74,7884.6,312.96,13,6,False
Eltrox,Tradetracker,D,Electronics,Technology,True,True,4.5,0.0,72.41,1609.04,72.41,4,4,False
Empik,Tradedoubler,AAA,Multi-Departments,Multi-Category,True,True,2.21,-166.88,47.1,2759.31,213.98,501,15,True
Endo,AWIN,E,Fashion,Fashion,True,True,9.0,0.0,54.96,610.61,54.96,2,2,False
Erli,Admitad,A+,Multi-Departments,Multi-Category,True,True,3.38,0.71,188.62,5772.53,187.91,616,13,False
Estro,Commission Junction,E,Fashion,Fashion,True,True,7.0,0.0,20.65,295.02,18.14,2,2,False
Eurofirany,No Affiliate Network,B,Home & Garden,Multi-Category,True,False,5.0,-0.32,101.26,2031.72,101.59,2,1,True
Euroflorist,Tradedoubler,D,Unknown,Unknown,True,True,12.0,-0.14,3.25,27.12,3.39,3,3,True
Eveline,Tradedoubler,C,Health & Beauty,Multi-Category,True,True,7.88,-0.19,64.08,909.49,64.01,16,8,True
Eventim,AWIN,B,Unknown,Unknown,True,True,2.0,0.82,3.06,152.91,2.24,8,5,False
Fera,AWIN,C,Pets,Lifestyle,True,True,4.0,0.0,1.69,42.26,1.69,3,2,False
Fielmann,AWIN,C,Health & Beauty,Multi-Category,True,True,8.0,2.96,17.12,214.08,14.17,7,4,False
Flexispot,Webgains,E,Home & Garden,Multi-Category,True,True,5.0,3.52,17.58,351.66,14.07,1,1,False
Flixbus,AWIN,B,Transports & Car rental,Travel,True,True,3.69,0.47,3.66,99.49,3.19,83,11,False
Footshop,Commission Junction,B,Footwear,Fashion,True,True,3.95,38.58,53.78,1338.76,15.21,4,2,False
FotoForma,Tradedoubler,B,Utilities,Services,True,True,2.5,1.67,268.03,10721.34,266.36,3,1,False
G2A,AWIN,A,Online Gaming,Technology,True,True,3.94,0.08,2.59,65.79,2.51,37,9,False
GOG,Commission Junction,B,Online Gaming,Technology,True,True,6.0,2.76,6.06,100.94,3.16,161,6,False
Gabriella,No Affiliate Network,C,Fashion,Fashion,False,False,4.5,0.0,0.98,21.82,0.98,1,1,False
GamesDeal,Commission Junction,D,Electronics,Technology,True,True,5.25,-154.71,15.73,263.69,170.39,58,8,True
Gamivo,Commission Junction,C,Electronics,Technology,True,True,8.33,-345.72,54.71,555.79,399.26,39,3,True
Geekbuying.pl,Admitad,C,Electronics,Technology,True,True,5.0,5.01,28.82,575.64,23.82,3,3,False
GetYourGuide,Tradedoubler,B,Travel agencies,Travel,True,True,5.0,4.73,21.58,431.54,16.85,29,8,False
Giacomo Conti,Tradetracker,C,Fashion,Fashion,True,True,5.0,0.0,158.22,3164.52,158.23,9,4,False
Gomez,Tradedoubler,A,Fashion,Fashion,True,True,5.57,2.08,27.69,436.5,25.61,5,3,False
Greenpoint,Webgains,D,Fashion,Fashion,True,True,8.0,11.77,22.95,286.94,11.18,9,6,False
Groupon,AWIN,B,Multi-Departments,Multi-Category,True,True,4.9,-4.04,15.76,406.38,19.8,39,9,True
HP,Tradedoubler,C,Electronics,Technology,True,True,7.0,0.0,2.58,36.9,2.58,1,1,False
Hebe,Tradedoubler,A,Health & Beauty,Multi-Category,True,True,6.34,-5.44,16.31,255.43,21.76,155,14,True
Homla,Tradedoubler,A,Home & Garden,Multi-Category,True,True,4.8,0.72,4.12,85.82,3.4,15,10,False
Huawei,Tradedoubler,A,Electronics,Technology,True,True,3.65,4.95,9.3,258.83,4.35,5,4,False
Intymna,Tradedoubler,C,Fashion,Fashion,True,False,6.2,1.11,2.46,39.78,1.36,2,2,False
JD Sports,AWIN,A,Footwear,Fashion,True,True,5.03,-0.45,3.27,74.76,3.72,7,7,True
Joom,Admitad,D,Multi-Departments,Multi-Category,True,True,9.8,2.64,9.3,95.23,6.66,11,4,False
KFC,Commission Junction,A,Food & Drink,Lifestyle,True,True,5.5,0.51,3.48,62.99,2.97,43,10,False
Katalog Marzeń,Admitad,D,Gifts & Flowers,Lifestyle,True,True,2.8,0.0,1.17,41.81,1.17,5,5,False
Kazar,No Affiliate Network,Rejected,Fashion,Fashion,False,False,6.5,0.0,400.66,6164.0,400.66,3,1,False
Kenwood,Tradedoubler,C,Home & Garden,Multi-Category,True,True,6.0,0.09,13.73,228.76,13.64,1,1,False
Kinguin,AWIN,A+,Online Gaming,Technology,True,True,2.31,-3.78,2.9,130.25,6.69,102,13,True
Kiwi.com,Commission Junction,B,Travel agencies,Travel,True,True,3.5,0.42,13.57,438.33,12.49,3,3,False
Komputronik,Admitad,E,Electronics,Technology,True,True,1.5,0.42,26.39,1746.47,25.98,11,7,False
Konesso,No Affiliate Network,A+,Food & Drink,Lifestyle,True,False,3.2,-6.1,27.8,915.62,33.9,8,4,True
Krakvet,Tradedoubler,A,Pets,Lifestyle,True,True,3.28,-4.19,5.67,160.29,9.86,11,5,True
Król Materacy,No Affiliate Network,E,not_attributed,not_attributed,False,False,8.0,0.0,61.87,773.4,61.87,2,1,False
LEGO,Rakuten,A+,Entertainment,Lifestyle,True,True,4.69,4.62,9.79,181.44,5.16,12,7,False
LG,AWIN,B,Appliance,Technology,True,True,1.5,-5.45,8.78,666.92,14.22,7,6,True
LOT,Commission Junction,A,Airlines,Travel,True,True,1.5,1.92,25.15,1676.66,23.23,37,9,False
Lacoste,Tradedoubler,B,Fashion,Fashion,True,True,8.0,0.13,15.79,197.35,15.66,1,1,False
Lampy.pl,AWIN,B,Home & Garden,Multi-Category,True,True,6.88,-0.56,55.52,714.82,54.25,5,4,True
Legimi,AWIN,B,Entertainment,Lifestyle,True,True,951.16,0.0,200.63,42.8,200.63,958,11,False
Leo Express,Commission Junction,E,not_attributed,not_attributed,True,True,8.0,0.35,3.84,51.99,2.1,4,3,False
Leroy Merlin,Commission Junction,AA+,Home & Garden,Multi-Category,True,True,3.79,4.36,77.28,2135.29,72.91,149,15,False
Lidl,Tradedoubler,A,Food & Drink,Lifestyle,True,True,1.83,49.55,187.89,3866.58,138.34,245,11,False
Lokalny Rolnik,Tradedoubler,F,not_attributed,not_attributed,True,True,6.4,-0.45,1.87,29.16,2.32,1,1,True
Lookfantastic,AWIN,C,Health & Beauty,Multi-Category,True,True,4.8,-0.44,2.2,45.38,2.64,2,1,True
Lufthansa,Tradedoubler,F,not_attributed,not_attributed,True,True,1.5,0.33,6.81,454.3,6.19,6,3,False
MOVA,Webgains,F,Electronics,Technology,True,False,9.5,6.2,15.49,207.94,9.29,3,2,False
Mamyito,Tradedoubler,D,not_attributed,not_attributed,True,True,5.3,11.51,96.82,1733.68,85.3,30,8,False
Mango Outlet,Rakuten,B,Fashion,Fashion,True,True,6.2,1.79,24.51,375.48,22.72,21,5,False
Marilyn,Webgains,D,Fashion,Fashion,True,True,6.0,0.0,26.7,444.95,26.7,3,3,False
Max Elektro,Tradedoubler,B,Appliance,Technology,True,True,3.67,18.85,78.77,1972.72,59.92,7,6,False
Maxi Zoo,AWIN,C,Pets,Lifestyle,True,True,2.88,-13.12,290.17,9408.04,303.29,830,11,True
MebleMWM,Tradedoubler,B,Home & Garden,Multi-Category,True,True,6.4,369.31,693.91,10842.35,323.2,53,12,False
MediaMarkt,Tradedoubler,AA+,Electronics,Technology,True,True,2.41,-32.61,70.03,3144.94,102.64,106,13,True
Medicine,AWIN,A+,Fashion,Fashion,True,True,6.0,4.0,7.34,122.22,3.33,17,8,False
Merkury Market,Tradetracker,A,Home & Garden,Multi-Category,True,True,3.5,11.07,103.04,2943.94,73.99,23,8,False
Michael Kors,AWIN,C,Fashion,Fashion,True,True,3.0,0.0,4.52,150.5,0.0,1,1,False
Modivo,Tradedoubler,AAA,Fashion,Fashion,True,True,4.76,0.45,15.49,345.17,15.05,57,12,False
Mountain Warehouse,AWIN,B,Fashion,Fashion,True,True,6.0,0.0,8.67,144.46,8.67,1,1,False
NAOKO,Tradedoubler,B,Health & Beauty,Multi-Category,True,True,5.6,8.4,19.69,351.66,11.28,2,1,False
NEONAIL,AWIN,B,Health & Beauty,Multi-Category,True,True,7.0,0.0,2.36,33.64,2.36,2,2,False
Neonet,Tradedoubler,B,Electronics,Technology,True,True,1.5,0.75,1.48,98.38,0.74,2,2,False
New Balance,AWIN,A,Sport Fashion,Fashion,True,True,5.27,-3.27,7.35,156.4,8.38,12,7,True
Nike,No Affiliate Network,B,Sport Fashion,Fashion,True,False,3.0,-8.71,8.09,269.7,16.8,15,4,True
NordVPN,AWIN,A,Connectivity - Telco,Services,True,True,40.0,0.0,24.54,61.36,24.54,2,2,False
Notino,Commission Junction,AAA,Health & Beauty,Multi-Category,True,True,3.42,-6.76,198.76,4398.74,205.52,196,12,True
Novakid,Commission Junction,C,Baby & Child,Multi-Category,True,True,0.0,0.0,0.0,0.0,0.0,4,2,False
OBI,Commission Junction,A,Home & Garden,Multi-Category,True,True,5.0,11.0,45.18,903.77,33.51,39,10,False
OleOle!,Tradedoubler,A,Electronics,Technology,True,True,2.17,71.68,177.16,8286.21,105.48,28,10,False
Olimp Store,Admitad,B,Health & Beauty,Multi-Category,True,True,4.2,0.51,2.68,64.04,1.42,3,2,False
Orange,Tradedoubler,A+,Connectivity - Telco,Services,True,True,22179.93,1.86,168.5,17.52,166.64,23,7,False
Orange Store,Tradedoubler,Rejected,not_attributed,not_attributed,False,True,2.1,4.58,84.37,3998.12,79.79,4,1,False
PRM,Commission Junction,A,Fashion,Fashion,True,True,10.0,41.93,108.9,1088.97,66.97,17,7,False
Pan Materac,Tradedoubler,A,Home & Garden,Multi-Category,True,True,8.0,-0.62,344.78,4309.76,345.4,15,8,True
Parfumdreams,AWIN,D,Health & Beauty,Multi-Category,True,True,5.0,0.0,4.96,99.17,4.96,2,2,False
Peek & Cloppenburg,AWIN,B,Fashion,Fashion,True,True,3.0,0.95,3.28,109.38,2.34,8,6,False
Perfumeria,Admitad,B,Health & Beauty,Multi-Category,True,True,3.8,0.0,2.84,73.71,2.83,2,2,False
Perfumy.pl,Adtraction,C,Health & Beauty,Multi-Category,True,True,4.28,1.79,14.97,263.55,13.18,5,4,False
Petkarma,Commission Junction,D,Pets,Lifestyle,True,True,5.0,0.0,36.74,734.77,36.74,2,2,False
Philips,Tradedoubler,A,Appliance,Technology,True,True,6.3,5.92,10.73,194.45,4.81,10,5,False
Play,Tradedoubler,D,Connectivity - Telco,Services,True,True,308.25,-0.1,72.64,26.36,72.73,5,4,True
Preply,Admitad,C,Education,Lifestyle,True,False,50.8,0.0,36.45,71.74,36.45,2,1,False
Proton VPN,Admitad,F,not_attributed,not_attributed,True,True,0.0,0.24,1.92,0.0,1.68,1,1,False
Przyjaciele Kawy,Tradedoubler,B,Food & Drink,Lifestyle,True,True,5.31,779.41,1112.32,23237.88,332.92,38,7,False
Puma,Commission Junction,C,Sport Fashion,Fashion,True,True,5.75,0.0,54.68,916.29,54.68,7,6,False
Pyszne.pl,AWIN,A,Food & Drink,Lifestyle,True,True,3.19,-47.97,12.85,412.67,60.82,297,14,True
RTV Euro AGD,Tradedoubler,AAA,Electronics,Technology,True,True,2.25,-39.91,160.47,8260.71,200.38,249,13,True
Radisson Hotels,Tradedoubler,D,Hotel & Accommodations,Travel,True,True,8.0,100.43,231.52,2894.09,131.1,3,2,False
Regatta,Webgains,B,Sport Fashion,Fashion,True,True,6.63,-1.23,175.06,1783.58,176.29,14,3,True
Remix,No Affiliate Network,E,Fashion,Fashion,False,False,4.5,0.0,4.61,102.42,4.61,1,1,False
Renee,Tradedoubler,A+,Fashion,Fashion,True,True,6.0,1.19,12.56,209.28,11.05,15,7,False
Reporter Young,Admitad,D,Fashion,Fashion,True,True,3.5,0.0,3.17,90.69,2.29,4,3,False
Rocketjobs.pl,Admitad,F,not_attributed,not_attributed,True,True,0.0,1.1,5.79,0.0,4.68,1,1,False
Ryobi,Tradedoubler,B,Home & Garden,Multi-Category,True,True,5.85,2.79,10.02,182.89,7.24,3,2,False
Samsung,AWIN,A+,Appliance,Technology,True,True,4.5,5.06,49.92,1256.95,44.86,4,4,False
SeePlaces,Tradedoubler,F,not_attributed,not_attributed,True,True,4.5,4.31,13.89,308.58,9.58,1,1,False
Senpo.pl,No Affiliate Network,E,Home & Garden,Multi-Category,False,False,9.6,-34.34,758.17,7916.93,792.51,14,3,True
Sephora,AWIN,A+,Fashion,Fashion,True,True,3.58,0.04,7.5,220.3,7.46,35,14,False
Sferis,Tradedoubler,A+,Electronics,Technology,True,True,1.82,0.67,34.44,1865.48,33.76,15,8,False
Shark,No Affiliate Network,Rejected,Home & Garden,Multi-Category,False,False,7.5,263.09,395.26,6362.56,132.18,4,2,False
SharkNinja,AWIN,D,Home & Garden,Multi-Category,True,True,7.24,230.98,286.15,3618.83,55.16,13,7,False
SHEIN,Commission Junction,A,Fashion,Fashion,True,True,3.24,-5.03,25.19,639.66,30.22,283,14,True
Sinsay,Tradedoubler,AA+,Fashion,Fashion,True,True,9.6,12.7,59.16,593.22,46.46,130,5,False
Skechers,Commission Junction,E,Footwear,Fashion,True,True,5.0,-4.75,2.38,47.5,7.12,1,1,True
Skyshowtime,AWIN,B,Entertainment,Lifestyle,True,True,126.24,-42.87,77.31,49.19,120.18,57,7,True
Sony,AWIN,C,Electronics,Technology,True,True,5.0,-15.84,26.4,527.95,42.24,1,1,True
SportStyleStory,Tradedoubler,C,Sport Fashion,Fashion,True,True,6.0,2.28,256.72,4278.7,254.44,13,5,False
Streetstyle24,AWIN,B,Bags & Accessories,Fashion,True,True,6.9,67.64,344.27,4974.98,276.62,12,4,False
Stylevana,AWIN,E,not_attributed,not_attributed,True,True,7.2,7.98,11.88,165.58,3.9,2,1,False
Sun & Snow,Webgains,B,Tourism & Attraction,Travel,True,True,7.0,15.46,43.3,618.61,27.83,2,2,False
SurfShark,Admitad,B,Automotive,Lifestyle,True,True,21.7,0.0,21.32,98.18,21.32,1,1,False
Tagomago,Admitad,B,Health & Beauty,Multi-Category,True,True,4.33,1.04,6.5,161.96,5.45,4,3,False
Tefal,Tradedoubler,B,Home & Garden,Multi-Category,True,True,7.78,3.43,8.7,112.16,5.27,5,4,False
Temu,Impact Radius,AAA,Multi-Departments,Multi-Category,True,True,12.89,106.58,973.17,6397.55,866.59,4703,15,False
Tescoma,Commission Junction,E,Home & Garden,Multi-Category,True,False,7.0,33.66,67.32,961.78,33.66,1,1,False
Teufel,Rakuten,D,Electronics,Technology,True,True,4.0,0.0,47.54,1188.58,47.54,2,2,False
Top Secret,Webgains,E,Fashion,Fashion,True,True,7.0,0.0,24.78,354.08,24.78,2,2,False
Trip.com,Admitad,E,not_attributed,not_attributed,True,True,4.52,10.08,53.41,1431.21,43.33,16,6,False
Ucando,Tradetracker,D,Automotive,Lifestyle,True,True,4.0,0.0,5.87,146.77,5.87,3,3,False
Udemy,Impact Radius,B,Business / Office,Technology,True,True,18.94,0.0,3.53,17.6,3.53,13,7,False
Under Armour,Impact Radius,C,Sport Fashion,Fashion,True,True,6.0,0.0,5.48,91.28,5.48,1,1,False
Van Graaf,Tradedoubler,D,Fashion,Fashion,True,True,9.5,60.01,136.44,1489.58,76.43,6,6,False
Vasco Electronics,No Affiliate Network,F,not_attributed,not_attributed,True,False,4.0,0.0,22.49,562.3,0.0,1,1,False
Venezia,Webgains,D,Footwear,Fashion,True,True,5.0,13.12,29.41,588.19,16.28,7,2,False
Victoria's Secret,Webgains,B,Fashion,Fashion,True,True,4.5,2.95,3.58,72.7,0.64,4,2,False
VidaXL,Tradetracker,B,Health & Beauty,Multi-Category,True,True,2.9,0.22,3.61,124.4,2.14,3,3,False
Vision Express,Commission Junction,B,Bags & Accessories,Fashion,True,True,5.49,-0.29,2.42,45.31,2.71,8,7,True
Vobis,Tradedoubler,A,Electronics,Technology,True,True,3.95,38.99,111.73,3184.88,72.74,15,6,False
Volcano,No Affiliate Network,C,Fashion,Fashion,False,False,7.0,-0.57,233.63,3337.6,234.2,1,1,True
Wolt,No Affiliate Network,C,Food & Drink,Lifestyle,True,False,14.1,-0.3,2.18,17.76,2.48,4,4,True
XLMoto,Commission Junction,E,Automotive,Lifestyle,True,True,5.0,6.55,32.76,655.11,26.2,2,1,False
Xiaomi,AWIN,B,Unknown,Unknown,True,True,3.0,1.1,3.3,110.03,2.2,1,1,False
Your KAYA,No Affiliate Network,E,Health & Beauty,Multi-Category,False,False,7.0,0.3,3.66,52.18,3.35,2,2,False
Yves Rocher,Commission Junction,C,Health & Beauty,Multi-Category,True,True,5.0,0.0,2.5,50.14,2.5,2,2,False
Lounge by Zalando,AWIN,AAA,Fashion,Fashion,True,True,4.25,21.55,104.21,2512.49,82.65,515,15,False
Znak,Tradetracker,D,Entertainment,Lifestyle,True,True,1.6,0.0,0.36,23.17,0.0,1,1,False
Zwieger,Tradedoubler,E,Home & Garden,Multi-Category,True,True,4.0,3.44,14.07,351.77,10.63,1,1,False
Adidas,AWIN,AA+,Sport Fashion,Fashion,True,True,4.49,0.19,17.9,473.48,17.71,103,13,False
e-torty,Tradedoubler,E,not_attributed,not_attributed,True,True,15.0,2.86,10.03,66.91,5.1,5,3,False
eSky,Admitad,B,Travel agencies,Travel,True,True,3.5,7.01,34.11,974.6,27.1,7,7,False
eobuwie,Tradedoubler,AAA,Footwear,Fashion,True,True,3.72,7.85,27.1,615.71,19.25,107,14,False
home&you,Tradedoubler,A,Home & Garden,Multi-Category,True,True,4.97,-0.72,34.09,717.8,34.81,147,10,True
iBOOD,Webgains,B,Multi-Departments,Multi-Category,True,True,2.14,1.53,2.52,93.79,0.42,9,7,False
iDream,Tradetracker,B,Electronics,Technology,True,True,2.3,-5.81,62.07,2099.0,33.49,13,7,True
iHerb,Admitad,B,Health & Beauty,Multi-Category,True,True,5.07,-4.51,8.42,150.11,12.93,29,11,True
iParts,Tradetracker,B,Automotive,Lifestyle,True,True,3.5,0.0,5.69,162.49,5.69,2,2,False
lionelo,No Affiliate Network,B,not_attributed,not_attributed,False,False,6.0,224.27,842.91,14048.29,618.64,32,3,False
zooplus,Tradedoubler,AA,Pets,Lifestyle,True,True,1.71,-88.22,223.21,9385.16,311.43,772,16,True
Świat supli,AWIN,B,Food & Drink,Lifestyle,True,True,5.0,0.0,34.02,680.47,34.02,8,4,False
